#{"t_start": 1782413128.1205232, "env_id": "nair_gait_h0404MimoExo-v0"}
r,l,t
-300.67792,1000,1.594532
-291.887859,1000,1.899386
-325.423601,1000,2.193873
-327.475295,1000,2.494663
-286.13472,1000,2.803246
-304.127835,1000,3.11924
-256.8947,1000,3.413332
-282.756138,1000,3.707698
-253.676168,1000,4.004964
-237.589871,1000,4.305079
-277.63395,1000,4.600734
-248.184923,1000,4.897554
-284.567235,1000,5.190937
-281.203105,1000,5.484971
-287.211917,1000,5.781335
-299.581324,1000,6.076738
-300.478938,1000,6.37174
-303.240382,1000,6.666737
-278.694222,1000,6.958477
-263.711958,1000,7.252132
-313.71978,1000,7.545684
-289.769342,1000,7.838642
-287.320221,1000,8.137181
-302.850693,1000,8.432234
-312.732133,1000,8.7278
-299.640856,1000,9.02142
-266.171723,1000,9.314577
-274.560461,1000,9.609212
-309.090139,1000,9.903217
-310.186849,1000,10.196898
-269.695186,1000,10.492431
-302.288477,1000,10.788144
-284.328191,1000,11.083128
-290.409394,1000,11.378882
-242.838737,1000,11.673131
-291.618702,1000,11.967628
-290.345416,1000,12.262305
-288.545675,1000,12.556229
-307.273989,1000,12.850667
-269.67679,1000,13.14487
-291.787828,1000,13.437508
-296.774582,1000,13.729692
-282.048499,1000,14.022366
-314.514593,1000,14.314932
-285.253271,1000,14.606706
-267.986876,1000,14.901552
-297.655559,1000,15.196659
-290.053282,1000,15.493095
-293.752398,1000,15.790152
-336.637,1000,16.08489
-279.862288,1000,16.379096
-267.901653,1000,16.674675
-281.906789,1000,16.969936
-262.752595,1000,17.265754
-263.582015,1000,17.57211
-242.750144,1000,17.867871
-264.212881,1000,18.164413
-289.26078,1000,18.460891
-325.627066,1000,18.757492
-299.913104,1000,19.056383
-273.132291,1000,19.355327
-279.826634,1000,19.654115
-268.507985,1000,19.950681
-309.589063,1000,20.248192
-290.728947,1000,20.545698
-283.423233,1000,20.841234
-229.102881,1000,21.138087
-306.777017,1000,21.435527
-318.406344,1000,21.734862
-335.179995,1000,22.033993
-275.517187,1000,22.330877
-277.8282,1000,22.626559
-261.39201,1000,22.924016
-266.991694,1000,23.221913
-242.288953,1000,23.517283
-247.439371,1000,23.811659
-249.430506,1000,24.111032
-285.311872,1000,24.405198
-260.472894,1000,24.700874
-267.922763,1000,24.996255
-263.850924,1000,25.290323
-285.436365,1000,25.585606
-260.559348,1000,25.881022
-192.168876,1000,26.176265
-313.036194,1000,26.471467
-270.389249,1000,26.767588
-268.927522,1000,27.068772
-293.518872,1000,27.365017
-319.980495,1000,27.661352
-308.990155,1000,27.959472
-282.870071,1000,28.258228
-285.640192,1000,28.553936
-288.086615,1000,28.856669
-274.51548,1000,29.156142
-314.445958,1000,29.451957
-296.806323,1000,29.746646
-309.032381,1000,30.043571
-260.211665,1000,30.342932
-239.906206,1000,30.641712
-248.825608,1000,30.944275
-315.998347,1000,36.680824
-310.916697,1000,40.939873
-313.596293,1000,46.176815
-307.204134,1000,51.145275
-309.647376,1000,55.484471
-330.480695,1000,59.651872
-297.790852,1000,64.051839
-305.736752,1000,68.316797
-318.602669,1000,72.59212
-280.300046,1000,76.847109
-293.010893,1000,81.632673
-215.191865,1000,86.916713
-287.119388,1000,92.457268
-277.327892,1000,98.134794
-164.983759,1000,102.918373
-145.055795,1000,107.833635
-100.729546,1000,112.501399
-89.579504,1000,116.682931
-167.799953,1000,120.917038
-255.985668,1000,125.09313
-202.620471,1000,129.405133
-85.806029,1000,133.616065
-48.773433,1000,138.03271
-248.854433,1000,142.278333
-253.756219,1000,146.471685
-76.056988,1000,150.629996
-27.124289,1000,154.811768
-40.540244,1000,158.987788
44.537828,1000,163.160499
34.315128,1000,167.330263
92.929506,1000,171.498829
100.866359,1000,175.682189
143.977944,1000,180.684194
148.140292,1000,184.861791
138.933463,1000,189.064806
136.340553,1000,193.228607
145.030972,1000,197.47679
151.156903,1000,201.692109
148.901081,1000,206.131639
145.5477,1000,210.398911
150.217866,1000,214.691694
149.718953,1000,218.976712
147.446198,1000,223.222134
147.31001,1000,227.676062
145.206544,1000,231.977431
149.474865,1000,236.346973
136.453827,1000,240.66836
147.268484,1000,244.953997
151.867515,1000,249.232431
145.314505,1000,253.506684
149.820987,1000,257.802741
147.459492,1000,262.073049
145.01235,1000,266.33757
155.581483,1000,270.638144
146.818363,1000,274.940916
140.559949,1000,279.757319
149.281889,1000,284.719318
159.847748,1000,289.021225
163.579094,1000,293.357954
160.41712,1000,297.654531
159.070693,1000,301.962892
160.429402,1000,306.554914
128.964689,1000,311.663651
161.549235,1000,316.937165
140.760757,1000,322.058953
155.498061,1000,327.014389
160.037013,1000,331.883173
164.274295,1000,336.321727
161.168778,1000,340.586156
157.141632,1000,344.941624
168.754648,1000,349.351749
172.918539,1000,354.493799
160.040442,1000,359.6175
164.108335,1000,364.850968
167.333232,1000,369.982316
163.58701,1000,374.280775
173.588745,1000,378.592875
155.247349,1000,382.900902
171.596122,1000,387.20557
140.189838,1000,391.503688
170.999274,1000,395.8354
170.781696,1000,400.720027
151.807491,1000,405.650129
163.132398,1000,409.937857
128.767002,1000,414.394179
175.717514,1000,419.455642
171.47388,1000,424.537715
159.866324,1000,428.835619
174.6111,1000,433.140415
175.286574,1000,437.531018
171.006219,1000,441.85913
156.93652,1000,446.174172
180.934554,1000,450.490669
177.489187,1000,454.784249
188.646866,1000,459.592481
184.146032,1000,464.370764
176.408136,1000,468.727211
187.830884,1000,473.091027
181.822577,1000,477.49415
162.050439,1000,481.849294
180.665829,1000,486.369969
172.893538,1000,491.631467
186.913688,1000,496.782573
187.861011,1000,501.198493
127.643357,1000,505.526492
190.884087,1000,509.879563
179.193068,1000,514.29235
191.605638,1000,518.666303
140.373604,1000,523.927335
120.469228,1000,528.997213
119.592876,1000,534.241489
188.741197,1000,539.260173
190.27122,1000,544.172883
154.529246,1000,549.085141
139.41337,1000,554.681548
148.625206,1000,560.31287
68.070302,1000,566.111203
159.449821,1000,572.117571
161.600812,1000,577.546577
142.372131,1000,582.572684
179.702341,1000,587.46386
187.460356,1000,592.628412
163.1557,1000,598.710436
181.841605,1000,604.742307
135.083345,1000,610.779248
163.550549,1000,616.317188
114.082454,1000,622.479494
128.708015,1000,628.468277
202.199981,1000,633.704
108.030369,1000,638.570857
147.948353,1000,643.787596
170.940982,1000,649.47974
125.394014,1000,654.336225
107.783529,1000,659.186069
121.461158,1000,664.082273
120.217545,1000,668.960441
164.845958,1000,674.205802
156.745803,1000,679.12448
177.697843,1000,684.02841
136.623278,1000,688.979367
126.832666,1000,694.149175
176.105466,1000,699.498079
156.448348,1000,704.464527
143.057328,1000,710.192867
129.602198,1000,715.973507
141.381474,1000,721.59092
142.901906,1000,726.951857
162.512972,1000,732.074885
137.170956,1000,737.042053
183.414271,1000,742.273297
159.292259,1000,748.415658
168.842147,1000,753.693257
157.147397,1000,758.699957
162.17178,1000,763.712968
150.507335,1000,768.594986
182.959074,1000,773.509228
166.609519,1000,778.73863
176.346347,1000,784.542802
150.925785,1000,790.254621
156.060744,1000,796.414352
137.199698,1000,801.567961
114.196315,1000,806.831183
143.709039,1000,812.645812
123.442331,1000,817.569954
147.925576,1000,822.407745
152.454955,1000,827.229219
139.149738,1000,832.146915
143.966126,1000,836.954401
40.453734,1000,841.837863
165.376689,1000,848.01456
165.31285,1000,854.360639
133.016863,1000,859.569489
155.7461,1000,864.396519
150.315622,1000,869.553256
176.809933,1000,875.068968
169.744262,1000,881.574953
163.366876,1000,888.287867
177.204879,1000,895.122736
180.683358,1000,902.004064
158.608387,1000,907.263852
170.862214,1000,912.588117
171.63737,1000,917.888073
171.975532,1000,923.191502
169.39017,1000,929.028654
151.511956,1000,934.867081
185.711127,1000,940.819422
182.299216,1000,946.146809
187.265886,1000,952.198196
160.602291,1000,958.790088
156.954704,1000,964.235105
178.442718,1000,969.655318
172.680757,1000,975.248034
195.893986,1000,981.384142
179.857255,1000,987.034693
167.883927,1000,992.84882
198.479718,1000,998.528383
164.249392,1000,1004.191644
167.227735,1000,1009.802155
184.353869,1000,1015.388505
136.860908,1000,1020.542016
135.835977,1000,1025.713809
172.708277,1000,1031.955767
169.151854,1000,1038.37648
195.010323,1000,1044.741177
159.313032,1000,1050.284853
204.767545,1000,1055.656777
157.571163,1000,1061.202058
177.752492,1000,1066.879906
171.53384,1000,1072.002843
165.113884,1000,1078.304708
202.477012,1000,1084.68223
133.303508,1000,1090.253158
172.869926,1000,1095.801742
162.701611,1000,1101.366079
175.839431,1000,1106.603223
196.14359,1000,1112.545625
174.708429,1000,1117.983141
181.177514,1000,1123.704072
155.959076,1000,1129.183542
188.539979,1000,1134.588946
167.500943,1000,1140.450418
156.699092,1000,1146.053161
188.75571,1000,1151.745115
187.135406,1000,1157.859239
150.526029,1000,1164.060194
200.878919,1000,1169.475855
162.691499,1000,1174.463001
166.961993,1000,1179.639202
189.599139,1000,1184.85318
161.582445,1000,1190.501871
194.832805,1000,1196.351549
178.492438,1000,1201.96936
146.28465,1000,1207.217354
191.566765,1000,1212.322983
182.420613,1000,1217.601386
168.374624,1000,1222.476508
184.42638,1000,1227.279124
198.153508,1000,1232.958584
192.798301,1000,1239.34245
176.89339,1000,1245.529432
188.784856,1000,1250.922857
189.592776,1000,1256.966
171.865846,1000,1263.635086
159.882606,1000,1269.435333
167.089505,1000,1274.400748
193.586375,1000,1279.376409
180.270649,1000,1284.258914
166.017783,1000,1289.500275
72.22449,1000,1295.868876
127.909842,1000,1302.368505
189.190365,1000,1307.825409
154.655113,1000,1313.224766
185.000681,1000,1318.45628
184.259983,1000,1323.871954
190.44699,1000,1328.793758
171.158608,1000,1334.429162
98.394624,1000,1340.183235
169.612174,1000,1346.172614
166.17793,1000,1352.101992
206.910953,1000,1357.943771
180.117702,1000,1364.163918
188.800348,1000,1369.677369
208.27778,1000,1375.432912
197.793857,1000,1381.615552
191.24024,1000,1387.953328
177.77722,1000,1394.037098
192.214645,1000,1400.056318
195.405458,1000,1406.643836
199.604408,1000,1413.206453
111.713452,1000,1419.910402
217.380866,1000,1426.714162
203.841869,1000,1432.350096
209.796858,1000,1438.424978
182.507193,1000,1444.506303
187.429016,1000,1450.21316
194.84693,1000,1456.045054
161.149234,1000,1462.633625
176.826437,1000,1469.304393
188.627074,1000,1475.221373
206.032751,1000,1480.343012
168.493577,1000,1485.390239
200.135624,1000,1491.119134
184.556228,1000,1496.783749
200.18295,1000,1502.43012
203.476817,1000,1507.622225
157.945505,1000,1513.029395
195.895548,1000,1518.406685
204.880876,1000,1523.689506
207.029602,1000,1528.576257
193.570917,1000,1533.713966
220.149311,1000,1539.259051
172.075501,1000,1544.318976
196.970406,1000,1549.549102
195.559756,1000,1555.006208
209.694573,1000,1560.74294
187.973858,1000,1566.242786
184.015296,1000,1572.581089
186.0977,1000,1579.239117
186.864648,1000,1585.674156
199.28281,1000,1591.394055
145.487866,1000,1596.996985
191.368705,1000,1603.340579
151.800966,1000,1609.66844
190.401768,1000,1615.486783
204.776909,1000,1622.04699
189.787023,1000,1628.429576
190.339388,1000,1634.362745
191.55826,1000,1639.782201
182.504433,1000,1645.471887
217.802995,1000,1651.075466
265.436837,1000,1656.853188
212.839443,1000,1662.694306
169.938313,1000,1668.920538
217.920039,1000,1674.729935
207.023344,1000,1680.832826
197.898473,1000,1686.629618
192.593855,1000,1692.50576
194.238754,1000,1698.704721
233.693432,1000,1704.633995
166.00618,1000,1710.149331
216.09786,1000,1715.950293
197.150962,1000,1721.322075
241.485428,1000,1726.846031
188.390525,1000,1732.428725
164.645055,1000,1738.007184
239.542296,1000,1743.034281
236.633715,1000,1748.178394
121.582511,1000,1753.395647
179.003203,1000,1758.703013
229.631814,1000,1763.984114
238.275806,1000,1769.169358
220.222955,1000,1775.062262
171.777882,1000,1780.532266
215.624383,1000,1785.812457
255.48625,1000,1790.689076
214.996287,1000,1795.723753
236.850745,1000,1800.784344
264.299009,1000,1806.125079
103.652459,1000,1810.684353
246.896063,1000,1815.954465
96.833224,1000,1820.73932
197.624737,1000,1825.416188
184.61885,1000,1830.116273
214.533294,1000,1834.757787
246.133331,1000,1839.535723
176.712645,1000,1844.872762
229.129841,1000,1850.127532
174.212403,1000,1855.341777
172.00294,1000,1860.486258
256.547098,1000,1865.818877
243.733107,1000,1870.990229
266.301252,1000,1875.915146
180.910118,1000,1880.349805
234.111922,1000,1885.403429
268.125329,1000,1890.56548
196.404251,1000,1895.75794
173.83799,1000,1900.450402
154.045635,1000,1904.8681
164.310733,1000,1909.4379
215.583875,1000,1914.022038
157.874799,1000,1918.436644
223.140974,1000,1922.864888
203.080964,1000,1927.407206
252.083491,1000,1932.111121
194.326658,1000,1937.28308
275.915893,1000,1942.368545
183.303929,1000,1947.464186
205.124886,1000,1952.555464
234.868207,1000,1956.921953
128.358327,1000,1961.296717
224.315958,1000,1965.719685
299.876789,1000,1970.098992
209.376856,1000,1974.498681
119.490611,1000,1978.886599
106.460068,1000,1983.292914
239.976698,1000,1987.680909
270.814666,1000,1992.059536
174.893085,1000,1996.459086
244.430249,1000,2000.829621
248.613929,1000,2005.198256
194.07397,1000,2009.589247
263.490278,1000,2013.959514
156.129604,1000,2018.313025
238.159777,1000,2022.708706
250.988507,1000,2027.102182
206.473113,1000,2032.19936
265.361802,1000,2037.232805
208.849567,1000,2041.739588
183.098937,1000,2046.053349
267.542435,1000,2050.373321
226.505893,1000,2054.71525
228.423541,1000,2059.079757
263.74596,1000,2063.433987
182.864387,1000,2067.803501
161.617787,1000,2072.440388
134.133335,1000,2077.479775
232.603739,1000,2082.295566
129.063507,1000,2086.675563
304.436105,1000,2091.065772
230.312979,1000,2095.582167
256.820545,1000,2100.727178
250.940639,1000,2105.797546
276.39525,1000,2110.990952
239.135467,1000,2115.328648
309.938244,1000,2119.627105
269.345476,1000,2124.229492
281.02513,1000,2129.382739
307.792633,1000,2134.518217
313.176473,1000,2139.597543
266.775275,1000,2144.640746
270.828112,1000,2149.698249
339.077155,1000,2154.148782
276.885763,1000,2158.466833
266.551719,1000,2163.33848
261.125365,1000,2168.367644
284.292659,1000,2173.329147
296.924591,1000,2178.422905
289.272272,1000,2183.502884
325.363398,1000,2188.599947
335.49731,1000,2193.302625
269.071094,1000,2197.637238
288.249635,1000,2202.022232
349.078315,1000,2206.294816
268.484093,1000,2210.573023
280.728297,1000,2214.855837
348.976344,1000,2219.131525
288.313262,1000,2223.399198
307.157592,1000,2227.681772
294.02997,1000,2231.952426
325.546796,1000,2236.243187
325.049262,1000,2240.544904
273.140191,1000,2244.853779
306.080581,1000,2249.151229
281.22588,1000,2253.468174
339.445465,1000,2257.787403
342.052163,1000,2262.487412
319.14616,1000,2267.559732
321.400586,1000,2272.596689
251.051344,1000,2277.624919
352.637694,1000,2282.646185
321.645438,1000,2287.650901
370.76745,1000,2292.701105
337.650759,1000,2297.491519
380.340454,1000,2302.520447
320.983024,1000,2307.581936
327.56979,1000,2312.570693
392.389474,1000,2317.638121
356.115661,1000,2321.941612
332.104783,1000,2326.211533
321.827668,1000,2330.579779
388.221472,1000,2335.00236
305.135325,1000,2339.30274
333.579767,1000,2343.946918
397.355324,1000,2348.242112
396.029355,1000,2352.514626
426.249542,1000,2357.461147
406.683738,1000,2362.54582
343.264056,1000,2367.410708
360.75679,1000,2372.258067
351.112423,1000,2376.943853
481.910162,1000,2381.214103
428.892736,1000,2385.639015
453.612872,1000,2390.570035
469.663385,1000,2395.618327
504.221497,1000,2400.636137
429.772232,1000,2405.677883
459.063452,1000,2410.688213
415.090006,1000,2415.702747
486.547018,1000,2420.657595
424.807172,1000,2425.633732
446.544624,1000,2430.697202
475.520525,1000,2435.834026
503.214662,1000,2440.873569
532.969153,1000,2445.850127
524.241467,1000,2450.820881
511.013985,1000,2455.818845
499.850275,1000,2460.548389
513.607536,1000,2464.802173
528.094857,1000,2469.0738
486.920787,1000,2473.357266
505.2674,1000,2477.767529
522.531518,1000,2482.174349
485.561101,1000,2486.481166
509.226648,1000,2491.159106
519.366073,1000,2496.10509
525.148683,1000,2500.343278
480.391784,1000,2504.634508
475.619576,1000,2508.952645
524.459802,1000,2513.214185
513.344512,1000,2517.495566
518.964859,1000,2521.781439
536.248603,1000,2526.413954
485.075337,1000,2530.82699
504.015552,1000,2535.107628
523.292599,1000,2539.38288
504.568032,1000,2543.641885
513.366545,1000,2548.065351
536.646649,1000,2552.333636
532.319532,1000,2556.615177
532.071494,1000,2560.919972
542.7132,1000,2565.280876
534.820926,1000,2569.567648
551.326888,1000,2573.875657
499.174465,1000,2578.182068
511.842908,1000,2582.488911
530.15331,1000,2586.857413
510.396346,1000,2591.36662
546.232292,1000,2595.908172
522.275969,1000,2600.198481
544.044368,1000,2604.511139
544.019813,1000,2608.788323
556.746635,1000,2613.078311
552.408313,1000,2617.473286
543.140211,1000,2621.943543
563.800663,1000,2626.325055
555.238798,1000,2630.610767
545.45071,1000,2635.115293
534.660111,1000,2639.396342
564.508089,1000,2643.692832
549.696997,1000,2648.019724
559.353018,1000,2652.486157
551.404265,1000,2657.49944
531.28322,1000,2662.498265
541.839227,1000,2667.583748
537.081902,1000,2672.647666
541.148945,1000,2677.72034
516.101968,1000,2682.721314
530.789585,1000,2687.762918
547.062993,1000,2692.757481
554.023056,1000,2697.825385
557.963377,1000,2702.785038
580.944873,1000,2707.825703
591.013317,1000,2712.884146
582.185638,1000,2717.892135
564.0849,1000,2722.902853
560.178247,1000,2727.917264
508.115477,1000,2733.01315
578.102112,1000,2737.982906
539.129737,1000,2742.931725
526.648264,1000,2747.944632
535.178744,1000,2753.060754
524.250115,1000,2758.07848
577.690657,1000,2763.114043
577.434961,1000,2767.688026
536.554111,1000,2771.92737
540.607438,1000,2776.172921
544.921902,1000,2780.554867
528.110628,1000,2784.799901
547.857455,1000,2789.064044
591.459839,1000,2793.346215
525.203356,1000,2797.612135
532.513041,1000,2802.473444
573.386958,1000,2807.260489
577.258512,1000,2812.302166
599.08998,1000,2817.304462
586.943575,1000,2822.313041
538.753676,1000,2827.360401
588.801866,1000,2832.443329
569.112823,1000,2837.465523
576.108084,1000,2842.495492
510.886727,1000,2847.464038
509.129008,1000,2852.498153
578.904939,1000,2857.477899
564.127558,1000,2862.439725
589.946937,1000,2866.948944
569.222964,1000,2871.184638
491.043796,1000,2875.392751
520.900168,1000,2879.646721
519.380762,1000,2883.856939
581.825483,1000,2888.082066
562.880001,1000,2892.319474
537.836359,1000,2896.577587
550.570195,1000,2900.938826
599.499174,1000,2905.164293
544.022566,1000,2909.528738
534.83072,1000,2914.051754
527.943785,1000,2918.314672
531.930197,1000,2922.567717
603.409317,1000,2926.907248
511.22961,1000,2931.750593
562.266072,1000,2936.807103
554.772095,1000,2941.535182
598.758416,1000,2946.090008
524.606113,1000,2950.416966
548.660251,1000,2954.667127
534.173478,1000,2958.995711
553.56548,1000,2963.211485
553.117033,1000,2967.44936
565.058452,1000,2971.68862
585.064285,1000,2975.92692
578.604002,1000,2980.254561
518.674939,1000,2984.526697
520.728905,1000,2988.75805
587.886453,1000,2993.001321
520.672565,1000,2997.732482
582.256474,1000,3002.78187
591.298081,1000,3007.751125
592.911083,1000,3012.170358
529.27433,1000,3016.400025
516.76671,1000,3020.636345
556.999565,1000,3024.984548
545.651772,1000,3029.253457
523.109183,1000,3033.782217
596.741611,1000,3038.796871
575.344321,1000,3043.602099
529.629132,1000,3047.843611
593.824002,1000,3052.864652
523.25208,1000,3058.113121
569.169882,1000,3063.013302
571.06666,1000,3067.877422
571.883932,1000,3072.917989
533.468032,1000,3077.714294
555.943042,1000,3082.456398
553.148752,1000,3086.909286
531.875708,1000,3091.203023
560.719192,1000,3095.576305
610.760926,1000,3099.884741
515.807947,1000,3104.151178
532.902865,1000,3108.424155
545.663053,1000,3112.728096
547.746554,1000,3117.015856
601.699577,1000,3121.27971
564.555646,1000,3125.573263
595.871298,1000,3129.860886
588.12812,1000,3134.149755
593.122155,1000,3138.451439
554.418567,1000,3142.746924
584.617538,1000,3147.177727
594.132453,1000,3151.459999
597.748791,1000,3155.764532
606.480761,1000,3160.115346
593.818371,1000,3164.499584
618.932834,1000,3168.866017
613.610308,1000,3173.215424
574.543563,1000,3177.483908
558.464591,1000,3181.8605
619.128523,1000,3186.157584
547.122372,1000,3190.430387
605.082151,1000,3194.814488
555.911844,1000,3199.192714
558.195231,1000,3203.44176
608.265071,1000,3207.707725
546.001625,1000,3212.405449
611.416208,1000,3217.378533
596.466988,1000,3222.395442
601.677507,1000,3227.494492
557.649239,1000,3232.529748
612.089845,1000,3237.494471
589.428358,1000,3242.040768
623.933349,1000,3246.30141
588.316173,1000,3250.542938
593.683487,1000,3254.813982
572.989961,1000,3259.094868
609.763051,1000,3263.358109
558.529947,1000,3267.71929
575.615141,1000,3272.027886
573.644137,1000,3276.311345
528.2317,1000,3280.674762
589.852772,1000,3284.983912
544.534518,1000,3289.272524
638.206754,1000,3293.552293
607.281799,1000,3297.846529
543.8103,1000,3302.147325
617.80443,1000,3306.43891
595.69491,1000,3310.790434
595.46607,1000,3315.492594
604.425834,1000,3319.7061
557.126318,1000,3324.126898
587.172115,1000,3329.142737
549.781427,1000,3334.159827
562.556634,1000,3339.224348
542.597604,1000,3344.283803
576.802173,1000,3349.284452
615.248006,1000,3354.317868
608.392924,1000,3358.617747
622.49756,1000,3362.932659
600.834428,1000,3367.335903
612.033189,1000,3371.583341
553.017921,1000,3375.837102
592.813888,1000,3380.100063
603.795199,1000,3384.38084
576.362656,1000,3388.663273
564.599327,1000,3393.211943
554.117594,1000,3397.479131
602.690368,1000,3401.796287
613.322361,1000,3406.075939
592.803916,1000,3410.349231
597.036705,1000,3414.830754
585.196132,1000,3419.132102
608.418877,1000,3423.811726
587.643022,1000,3428.237523
563.662281,1000,3432.486269
610.565285,1000,3436.842529
561.919064,1000,3441.109392
588.11968,1000,3445.36942
577.395777,1000,3449.683615
608.904839,1000,3453.97844
571.304761,1000,3458.312808
627.198023,1000,3463.189452
564.689392,1000,3468.232849
619.4572,1000,3473.337178
613.066692,1000,3478.330519
616.007394,1000,3483.345948
537.731237,1000,3488.361464
605.62748,1000,3493.410865
608.137823,1000,3498.450367
617.335565,1000,3503.451813
602.952593,1000,3508.481801
590.411818,1000,3513.650745
567.523221,1000,3518.20848
605.039334,1000,3522.923126
547.296648,1000,3527.964066
544.118217,1000,3532.858936
608.12852,1000,3537.867337
556.92542,1000,3542.868456
610.278258,1000,3547.817295
588.794405,1000,3552.818916
618.288376,1000,3557.833601
597.381065,1000,3562.813816
584.226696,1000,3567.759772
535.206357,1000,3572.764374
571.55116,1000,3577.76035
543.258072,1000,3582.626022
519.381679,1000,3586.808927
533.639128,1000,3591.102346
555.842279,1000,3595.343759
561.946625,1000,3599.586911
521.146534,1000,3604.171
604.001434,1000,3609.17749
559.292531,1000,3614.180542
557.541965,1000,3619.169484
598.827501,1000,3624.214498
606.230581,1000,3629.234628
573.489419,1000,3634.2384
624.121833,1000,3639.222175
581.299643,1000,3643.406618
624.321081,1000,3647.62183
570.295871,1000,3651.846088
584.399949,1000,3656.065562
600.191758,1000,3660.306608
603.515979,1000,3664.561882
610.520666,1000,3668.819557
616.09293,1000,3673.053127
572.547915,1000,3677.333751
552.302242,1000,3681.613112
623.848591,1000,3685.877496
620.202166,1000,3690.15217
551.262569,1000,3694.404317
594.420027,1000,3698.65487
619.806274,1000,3702.925256
558.730197,1000,3707.216657
633.216113,1000,3711.48131
578.089028,1000,3715.763587
620.020415,1000,3720.018666
556.132951,1000,3724.271529
580.374541,1000,3728.574298
621.709026,1000,3732.820165
633.143968,1000,3737.069688
621.274147,1000,3741.309838
622.548476,1000,3745.588447
622.487592,1000,3749.848262
637.95191,1000,3754.112763
624.369341,1000,3758.393598
548.715853,1000,3762.646208
615.082516,1000,3766.91792
577.297538,1000,3771.187484
616.063263,1000,3775.660908
604.748561,1000,3779.954648
605.616752,1000,3784.417375
550.492816,1000,3788.907826
554.428853,1000,3793.725901
600.212627,1000,3798.768813
586.220959,1000,3803.758756
585.147861,1000,3808.775998
550.384342,1000,3813.798776
629.589498,1000,3818.735063
625.028623,1000,3822.976431
576.902047,1000,3827.223318
609.259691,1000,3831.5634
613.391407,1000,3835.81612
605.022668,1000,3840.089236
629.129761,1000,3844.38181
605.243066,1000,3848.661033
627.589515,1000,3852.969947
618.7857,1000,3857.267861
576.123944,1000,3861.556292
568.274191,1000,3865.825284
571.67843,1000,3870.096898
541.782806,1000,3875.138902
559.061948,1000,3880.142407
623.430504,1000,3885.204699
620.722557,1000,3890.214666
562.53524,1000,3895.25124
600.297743,1000,3900.28244
612.233976,1000,3905.35348
555.631118,1000,3910.394611
631.304061,1000,3915.411407
591.90414,1000,3920.504506
632.715828,1000,3925.517035
616.19988,1000,3930.535681
609.162735,1000,3935.677885
613.151779,1000,3940.658784
617.282731,1000,3945.63769
583.316132,1000,3950.695023
571.416199,1000,3955.681088
556.017584,1000,3959.966707
535.666751,1000,3964.186798
605.130466,1000,3968.458539
627.618705,1000,3972.68777
561.551127,1000,3977.210935
551.216763,1000,3981.536572
541.743521,1000,3985.7784
526.458268,1000,3989.994147
615.421856,1000,3994.243742
620.218312,1000,3998.486971
599.23399,1000,4002.743511
599.069727,1000,4007.034585
528.878477,1000,4011.3006
570.660397,1000,4015.57354
566.892596,1000,4019.811109
591.455726,1000,4024.057228
573.401031,1000,4028.292821
534.053267,1000,4032.552001
596.308663,1000,4036.802425
530.891411,1000,4041.069384
624.173342,1000,4045.300845
589.85482,1000,4049.540573
585.261431,1000,4053.903596
617.955612,1000,4058.160932
619.374921,1000,4062.429017
561.656662,1000,4066.972059
620.589175,1000,4071.297059
532.992902,1000,4075.548963
618.434914,1000,4079.784992
530.551486,1000,4084.061519
624.578359,1000,4088.321069
561.04612,1000,4092.573447
568.29486,1000,4096.859217
611.586202,1000,4101.36411
603.70971,1000,4106.450845
622.832768,1000,4110.731081
583.161267,1000,4115.3011
577.27128,1000,4119.836162
548.138299,1000,4124.099907
578.115542,1000,4128.380287
565.18483,1000,4132.679558
644.327973,1000,4136.969565
606.615191,1000,4141.255469
635.492758,1000,4145.564533
579.109844,1000,4149.860738
617.02174,1000,4154.913036
615.195597,1000,4159.654092
609.079018,1000,4163.896219
553.671435,1000,4168.140054
560.192877,1000,4172.404232
645.566522,1000,4176.661576
648.439542,1000,4180.914629
559.073443,1000,4185.155145
627.012602,1000,4189.42497
621.602028,1000,4193.817842
620.02797,1000,4198.846434
611.025095,1000,4203.866817
587.515024,1000,4208.856186
647.0224,1000,4213.85206
607.019749,1000,4218.926602
628.654331,1000,4224.000341
597.501354,1000,4228.972145
538.72044,1000,4234.010096
619.572872,1000,4239.007409
641.27932,1000,4244.067548
643.186521,1000,4249.061599
585.841158,1000,4253.993632
609.968002,1000,4258.99883
660.658966,1000,4264.083197
628.275072,1000,4269.066956
602.95238,1000,4273.494521
600.361559,1000,4277.860277
589.495415,1000,4282.841594
635.892598,1000,4287.829666
616.064784,1000,4292.792839
593.084474,1000,4297.42239
651.31627,1000,4301.767255
516.524615,1000,4305.9751
589.046018,1000,4310.186613
563.688478,1000,4314.42391
644.823349,1000,4318.684231
607.6088,1000,4323.105791
621.137172,1000,4327.69663
636.214374,1000,4331.922465
601.223174,1000,4336.830305
629.498501,1000,4341.524731
627.17811,1000,4345.801009
636.583959,1000,4350.38192
611.383985,1000,4354.820311
541.896709,1000,4359.087394
572.793869,1000,4363.338447
583.441798,1000,4367.569592
639.41405,1000,4371.992292
566.824667,1000,4376.769998
628.560854,1000,4381.029663
586.117817,1000,4385.396703
624.794608,1000,4389.871395
652.188092,1000,4394.100161
664.540561,1000,4398.343797
631.479251,1000,4402.624638
540.340255,1000,4406.907991
610.183755,1000,4411.175782
640.862184,1000,4415.481683
594.479362,1000,4419.72013
617.567619,1000,4424.429626
648.436355,1000,4429.632507
595.11281,1000,4434.759793
599.780187,1000,4439.75237
634.940446,1000,4444.813312
611.620775,1000,4449.294282
622.289735,1000,4453.585825
617.02678,1000,4457.864521
619.444624,1000,4462.118478
622.480306,1000,4466.879955
608.590176,1000,4471.924621
603.392094,1000,4476.962335
585.562017,1000,4481.903503
645.660938,1000,4486.886448
609.139776,1000,4491.931206
623.769057,1000,4496.91748
627.65984,1000,4502.018939
630.700833,1000,4506.985395
586.496051,1000,4511.310267
593.051396,1000,4515.53996
584.315792,1000,4519.780725
604.65767,1000,4524.04716
587.383239,1000,4528.293577
615.895803,1000,4532.783439
637.817645,1000,4537.702836
626.38604,1000,4542.798802
646.748182,1000,4547.785976
602.939838,1000,4552.072178
622.528574,1000,4556.33925
616.189263,1000,4560.570409
587.348736,1000,4564.826844
622.249386,1000,4569.377299
599.24422,1000,4573.624218
635.887797,1000,4577.879812
594.462327,1000,4582.143781
656.353674,1000,4586.413418
601.555011,1000,4590.722696
599.265328,1000,4595.057735
624.790366,1000,4599.306264
649.127556,1000,4603.568843
632.399576,1000,4607.821453
657.744943,1000,4612.236839
633.86726,1000,4616.465898
639.466993,1000,4620.718783
624.369424,1000,4624.992915
649.276117,1000,4629.640188
612.043086,1000,4633.908309
678.01589,1000,4638.183681
649.462093,1000,4642.451585
650.253332,1000,4646.810191
675.646249,1000,4651.378767
650.424362,1000,4656.073769
652.346392,1000,4660.308923
643.010441,1000,4664.55315
668.063516,1000,4668.806945
663.182774,1000,4673.38378
665.339127,1000,4678.375072
538.209063,1000,4683.352081
664.490936,1000,4688.373657
616.012307,1000,4693.479223
629.767138,1000,4698.503877
649.712738,1000,4703.546409
621.698244,1000,4708.57552
651.573893,1000,4713.610434
659.993055,1000,4718.616069
636.416903,1000,4723.591152
683.991795,1000,4728.679094
678.989853,1000,4733.697383
678.730416,1000,4738.730162
662.044006,1000,4743.180232
672.185568,1000,4747.419485
662.699899,1000,4751.710079
647.653955,1000,4755.94591
653.179561,1000,4760.200463
672.894598,1000,4764.457468
673.59096,1000,4768.718443
632.122903,1000,4772.979243
645.286668,1000,4777.246105
680.557472,1000,4781.517393
680.059584,1000,4785.793531
669.584486,1000,4790.057741
649.225058,1000,4794.326558
661.382934,1000,4798.579193
681.64018,1000,4802.853783
638.119306,1000,4807.126018
692.106981,1000,4811.401376
671.383956,1000,4815.865978
663.972104,1000,4820.128683
659.442964,1000,4824.389866
661.898782,1000,4828.687418
620.60685,1000,4832.938615
682.78934,1000,4837.279773
676.955949,1000,4841.527685
661.963421,1000,4845.767465
679.368254,1000,4850.021654
659.450741,1000,4854.271286
667.096273,1000,4858.628765
632.237291,1000,4862.85926
634.648939,1000,4867.112189
641.961948,1000,4871.880973
679.29243,1000,4876.887044
662.710144,1000,4881.941089
597.882534,1000,4887.119162
643.055743,1000,4892.241306
654.39822,1000,4897.066222
690.162077,1000,4902.131233
661.239315,1000,4907.149922
676.459364,1000,4912.192085
641.923152,1000,4916.455158
655.368841,1000,4920.684221
671.935979,1000,4924.917557
674.335919,1000,4929.163141
694.89353,1000,4933.396446
641.099702,1000,4937.640395
611.327247,1000,4941.90235
698.037706,1000,4946.141245
677.456449,1000,4950.398343
650.448443,1000,4954.660889
695.547,1000,4958.922849
655.449269,1000,4963.218486
648.069791,1000,4967.530824
690.068439,1000,4971.784237
684.440875,1000,4976.050956
663.941306,1000,4980.329272
684.638887,1000,4984.624818
662.526278,1000,4988.961556
683.947993,1000,4993.235296
667.311993,1000,4997.519617
678.857921,1000,5001.7861
670.101283,1000,5006.078933
636.420813,1000,5010.326303
672.461101,1000,5014.613073
678.776711,1000,5018.894108
676.944042,1000,5023.167944
665.766067,1000,5027.488816
694.086843,1000,5032.499613
687.81384,1000,5037.023777
651.005816,1000,5041.301224
622.967116,1000,5045.615233
663.681567,1000,5049.885823
655.506468,1000,5054.165879
685.820522,1000,5058.422711
679.579188,1000,5062.70396
697.795867,1000,5066.96217
667.977023,1000,5071.392882
680.005976,1000,5075.741298
696.237684,1000,5079.991942
687.076165,1000,5084.266955
697.735649,1000,5088.528885
699.453332,1000,5092.800666
686.081276,1000,5097.22507
696.969318,1000,5102.277894
680.589623,1000,5107.112052
701.721754,1000,5112.113718
704.854955,1000,5117.14507
693.539292,1000,5122.198836
661.762998,1000,5127.277923
676.163262,1000,5131.89587
682.24157,1000,5136.13058
689.213043,1000,5140.345554
627.312305,1000,5144.611465
682.805861,1000,5148.858277
656.130202,1000,5153.110206
685.175696,1000,5157.380089
692.091167,1000,5161.622799
676.620414,1000,5165.9617
685.676722,1000,5170.244217
714.447139,1000,5174.517809
655.336653,1000,5178.798316
719.32263,1000,5183.069502
695.230818,1000,5187.356462
709.468995,1000,5191.68145
665.467437,1000,5195.922632
659.453237,1000,5200.196362
690.945482,1000,5204.44119
704.554996,1000,5208.714341
664.303152,1000,5212.981384
700.142019,1000,5217.251199
687.717603,1000,5221.541347
700.674783,1000,5225.818759
695.675662,1000,5230.864632
664.918375,1000,5235.887886
700.416795,1000,5240.976547
681.437747,1000,5245.965234
700.724492,1000,5250.323122
719.076069,1000,5254.600862
703.213909,1000,5258.858836
678.744156,1000,5263.141342
686.095519,1000,5267.449751
686.039011,1000,5271.713133
671.443216,1000,5275.997562
700.163218,1000,5280.3605
675.777643,1000,5285.440035
714.646925,1000,5290.404089
683.356571,1000,5295.422429
671.816833,1000,5300.536122
674.149977,1000,5305.594599
678.819456,1000,5310.529066
714.48858,1000,5315.390214
678.67224,1000,5319.589512
695.300787,1000,5323.809644
714.667379,1000,5328.042801
713.4654,1000,5332.393686
672.325272,1000,5336.773116
697.234268,1000,5341.057201
701.676961,1000,5345.350991
693.01887,1000,5349.611112
696.665763,1000,5353.885093
650.223757,1000,5358.216319
677.893673,1000,5363.081508
702.271331,1000,5367.406423
684.732568,1000,5371.65084
685.344668,1000,5375.918216
700.336798,1000,5380.165657
682.890724,1000,5384.415006
705.74618,1000,5388.674577
691.828684,1000,5392.93537
712.65404,1000,5397.175738
694.472084,1000,5401.437727
685.810552,1000,5405.710369
664.675648,1000,5410.182721
696.827443,1000,5414.443917
699.400412,1000,5418.733914
688.422116,1000,5423.009305
671.573378,1000,5427.285504
695.148485,1000,5431.575264
699.254035,1000,5435.895463
687.356752,1000,5440.145506
688.928673,1000,5444.471085
672.973507,1000,5448.738386
688.025663,1000,5453.722653
664.029929,1000,5458.724447
697.978184,1000,5463.710564
709.005744,1000,5468.724803
666.979823,1000,5473.592806
694.007087,1000,5477.958132
726.475947,1000,5482.548838
719.537847,1000,5486.93041
677.975084,1000,5491.312299
683.859289,1000,5495.548989
698.679181,1000,5499.820696
665.173612,1000,5504.078908
684.971345,1000,5508.324368
701.865484,1000,5512.624872
691.829381,1000,5516.90469
692.279877,1000,5521.215766
701.532971,1000,5525.479592
695.082654,1000,5529.738276
674.41808,1000,5534.222126
714.218731,1000,5538.972361
708.647596,1000,5544.009684
707.762721,1000,5549.058447
697.974968,1000,5554.035129
705.530295,1000,5559.064455
704.672653,1000,5564.085625
702.294096,1000,5568.848927
720.67054,1000,5573.07614
701.891074,1000,5577.467596
670.404225,1000,5582.462754
710.424706,1000,5587.44751
706.051905,1000,5592.053519
693.402108,1000,5596.288935
691.584005,1000,5600.637854
703.06779,1000,5604.896851
623.208666,1000,5609.161083
736.706828,1000,5613.416375
710.605549,1000,5617.684219
710.688838,1000,5621.940346
718.269793,1000,5626.179839
734.710587,1000,5630.428459
711.941123,1000,5634.811009
715.893773,1000,5639.046855
718.384579,1000,5643.271994
730.219277,1000,5647.543355
717.530147,1000,5651.819054
704.368317,1000,5656.079609
717.019194,1000,5660.311124
693.694287,1000,5664.567998
718.927387,1000,5668.842524
726.467596,1000,5673.143682
725.703612,1000,5677.49871
729.783848,1000,5681.769911
711.823503,1000,5686.023376
704.97043,1000,5690.276665
718.660403,1000,5694.686677
701.937842,1000,5699.687949
720.929032,1000,5704.686514
699.327463,1000,5708.976225
727.065266,1000,5713.226039
735.09924,1000,5717.483243
711.508609,1000,5721.736831
696.492583,1000,5726.8304
705.635636,1000,5731.846891
696.049835,1000,5736.970553
714.185317,1000,5741.936889
721.733402,1000,5746.941413
700.512355,1000,5751.974446
729.934999,1000,5756.962544
701.15486,1000,5761.910108
722.058279,1000,5766.687251
726.22571,1000,5770.91132
721.134405,1000,5775.131589
727.098548,1000,5779.382564
723.00633,1000,5783.668983
719.703927,1000,5788.111853
728.149443,1000,5792.532882
724.764523,1000,5796.747119
720.668549,1000,5801.008732
704.281002,1000,5805.256075
680.898312,1000,5809.52358
685.145653,1000,5813.786885
704.255093,1000,5818.294141
714.670045,1000,5822.605384
703.916413,1000,5826.842428
726.095951,1000,5831.131552
703.218964,1000,5835.399349
714.853251,1000,5839.65779
717.43889,1000,5843.923659
709.865583,1000,5848.190946
700.683411,1000,5852.928565
706.124303,1000,5857.943647
688.565129,1000,5862.922517
721.829554,1000,5867.944911
682.953319,1000,5872.830667
660.054045,1000,5877.428673
690.161882,1000,5882.463192
697.542489,1000,5887.53782
707.484714,1000,5892.574653
741.630226,1000,5897.640012
694.868239,1000,5902.674839
705.276434,1000,5907.137905
672.769077,1000,5911.366659
722.71259,1000,5915.625242
697.158239,1000,5919.887252
722.534237,1000,5924.165478
687.2521,1000,5928.418414
727.073314,1000,5932.691646
721.370225,1000,5937.236818
701.576635,1000,5942.151062
714.869418,1000,5946.396724
714.610093,1000,5950.639393
717.938521,1000,5954.905881
690.981858,1000,5959.344806
716.00131,1000,5963.588166
698.317893,1000,5967.853642
703.886827,1000,5972.118204
711.382843,1000,5976.373741
690.645911,1000,5980.650731
725.724685,1000,5984.894034
671.901744,1000,5989.399014
706.50302,1000,5993.628998
700.208615,1000,5997.927261
706.586704,1000,6002.196604
726.812742,1000,6006.454888
671.489735,1000,6011.447978
697.324008,1000,6016.529823
706.839262,1000,6021.526438
691.723756,1000,6026.560344
726.590781,1000,6031.543977
719.908489,1000,6036.576807
719.36739,1000,6041.639186
731.516354,1000,6046.604694
715.825677,1000,6050.975111
721.765649,1000,6055.204214
732.809437,1000,6059.457882
697.270807,1000,6063.701524
729.782345,1000,6068.038254
706.825198,1000,6072.304436
723.75626,1000,6076.56767
689.579955,1000,6080.833649
731.400306,1000,6085.103637
715.180307,1000,6089.369438
728.223259,1000,6093.641106
734.441741,1000,6097.914519
717.889428,1000,6102.198698
727.881697,1000,6106.57852
724.226731,1000,6111.616879
731.354263,1000,6116.149255
714.902825,1000,6120.419078
709.043789,1000,6124.685083
730.821537,1000,6129.032084
710.868187,1000,6133.264699
722.67668,1000,6137.536072
713.018376,1000,6141.79782
718.086228,1000,6146.129394
740.137657,1000,6150.355016
728.25241,1000,6154.611368
732.745228,1000,6158.8909
721.82736,1000,6163.173519
695.167128,1000,6167.464071
746.183926,1000,6171.711991
723.679215,1000,6176.051015
715.669508,1000,6180.427989
704.635129,1000,6185.432113
744.755145,1000,6190.464906
700.629244,1000,6195.40348
699.154723,1000,6200.420395
725.906716,1000,6205.450994
725.953715,1000,6210.516863
716.251919,1000,6215.509137
718.459666,1000,6220.190665
720.698018,1000,6224.440737
714.914276,1000,6228.67755
717.673631,1000,6232.935689
729.558236,1000,6237.184903
690.082078,1000,6241.611817
727.238169,1000,6245.997993
739.208235,1000,6250.238741
716.949123,1000,6254.529194
717.274815,1000,6258.782532
725.567639,1000,6263.094554
708.332449,1000,6267.456764
714.139481,1000,6271.696055
704.778747,1000,6275.98604
741.616046,1000,6280.230563
726.886323,1000,6284.501493
690.210738,1000,6288.782416
707.468618,1000,6293.02931
705.276415,1000,6297.305841
718.129734,1000,6301.574292
703.942065,1000,6305.848787
734.911427,1000,6310.12762
733.265008,1000,6314.446042
720.924315,1000,6318.691599
725.303289,1000,6322.946017
732.982535,1000,6327.22191
714.204375,1000,6331.479142
722.318783,1000,6336.001068
713.017482,1000,6340.267015
691.510872,1000,6344.518794
698.101368,1000,6348.786451
728.729731,1000,6353.047154
740.78013,1000,6357.336324
731.347715,1000,6361.594098
693.277002,1000,6365.860443
716.99193,1000,6370.171906
719.100413,1000,6374.414155
695.880134,1000,6378.696229
726.345213,1000,6382.938234
738.478173,1000,6387.277726
731.407205,1000,6391.563904
718.813274,1000,6395.854683
721.105217,1000,6400.121139
711.782743,1000,6404.393756
734.281525,1000,6409.446097
721.179541,1000,6414.510467
732.938754,1000,6419.540465
733.120504,1000,6424.565638
705.304646,1000,6429.608895
728.31514,1000,6434.701818
730.786779,1000,6439.768728
748.992501,1000,6444.834816
728.276093,1000,6449.821783
723.869572,1000,6454.907101
744.265568,1000,6459.843758
738.742014,1000,6464.860931
708.377949,1000,6469.979726
721.931492,1000,6475.013432
745.445047,1000,6480.002562
704.735128,1000,6484.978958
744.026203,1000,6489.216195
743.564277,1000,6493.357371
743.006221,1000,6497.534444
710.9342,1000,6501.701548
716.705281,1000,6505.908621
742.329207,1000,6510.112283
741.678982,1000,6514.30643
751.955098,1000,6518.657825
748.422108,1000,6523.027199
740.282238,1000,6527.303753
710.00923,1000,6531.522511
725.87713,1000,6535.792256
731.032416,1000,6540.073398
730.155208,1000,6544.913555
720.168052,1000,6549.167037
749.467385,1000,6553.607853
717.041635,1000,6557.819165
748.296684,1000,6562.080475
725.030203,1000,6566.529873
747.191543,1000,6570.986322
728.943208,1000,6575.234997
735.872901,1000,6579.475474
738.183997,1000,6583.709806
723.469108,1000,6587.93352
736.754373,1000,6592.208005
730.102311,1000,6596.453031
719.585723,1000,6600.695889
728.170551,1000,6604.95206
709.286777,1000,6609.20857
716.666091,1000,6613.475588
739.992151,1000,6617.757703
731.797771,1000,6622.888924
718.364857,1000,6627.922098
742.624433,1000,6632.918643
711.781602,1000,6637.266953
735.797457,1000,6641.754826
736.616575,1000,6645.98227
734.610969,1000,6650.21412
742.951019,1000,6654.450956
731.845733,1000,6658.673478
736.944313,1000,6662.902563
738.764902,1000,6667.177057
731.574518,1000,6671.419497
730.780403,1000,6675.671031
704.835015,1000,6679.891703
744.811953,1000,6684.131551
731.643341,1000,6688.553524
734.104905,1000,6692.858206
689.697907,1000,6697.389933
737.343729,1000,6701.609087
752.829943,1000,6705.840226
706.332796,1000,6710.057169
724.312186,1000,6714.286945
713.912895,1000,6718.551373
735.282726,1000,6722.809171
722.907311,1000,6727.20535
740.400564,1000,6732.253873
718.847936,1000,6736.680961
725.984728,1000,6741.129162
719.766386,1000,6745.437645
717.015676,1000,6749.700113
736.438013,1000,6753.973542
700.925831,1000,6758.242689
732.105707,1000,6762.516896
725.836027,1000,6766.799617
754.559082,1000,6771.040145
731.145808,1000,6775.989211
681.832108,1000,6781.029357
715.761217,1000,6786.102376
718.792361,1000,6790.672437
733.07834,1000,6795.841554
725.695399,1000,6800.939832
727.386437,1000,6805.842692
699.84827,1000,6810.243073
742.48056,1000,6814.509755
731.188542,1000,6818.765209
709.066456,1000,6823.079356
712.324719,1000,6827.989161
743.075208,1000,6833.064037
743.20314,1000,6838.056856
726.851655,1000,6843.06029
702.356579,1000,6847.291195
740.475632,1000,6851.528705
718.891592,1000,6855.813655
746.135718,1000,6860.045548
718.072134,1000,6864.299062
751.774292,1000,6868.56881
728.951578,1000,6872.902963
712.347274,1000,6877.511484
721.437971,1000,6881.772712
716.278595,1000,6886.042592
714.552109,1000,6890.317222
741.375227,1000,6894.584472
726.98117,1000,6899.000357
732.701457,1000,6903.251369
743.798332,1000,6907.539033
720.271507,1000,6911.809606
718.656696,1000,6916.246959
711.132055,1000,6921.235486
721.070447,1000,6926.241276
710.726431,1000,6931.249651
741.681797,1000,6936.324128
702.34093,1000,6941.375609
730.793764,1000,6945.679176
703.935189,1000,6949.933205
734.91977,1000,6954.188317
745.450664,1000,6958.530839
738.04765,1000,6962.841808
754.606704,1000,6967.081796
753.864696,1000,6971.329859
755.888562,1000,6975.605628
716.920133,1000,6980.224073
727.12006,1000,6984.705696
740.707409,1000,6988.946249
703.99938,1000,6993.197772
713.849125,1000,6997.460271
737.700884,1000,7001.714352
716.731765,1000,7005.987231
735.621619,1000,7010.701232
738.613976,1000,7014.974389
701.595204,1000,7019.22887
757.821433,1000,7023.474274
748.891836,1000,7027.749693
718.767624,1000,7032.02095
721.376541,1000,7036.325497
723.229294,1000,7040.547782
718.242368,1000,7044.787838
733.358575,1000,7049.05915
753.391731,1000,7053.579884
706.043884,1000,7058.076365
708.045131,1000,7062.337611
713.017717,1000,7066.670165
707.68469,1000,7071.049397
745.50599,1000,7075.297536
698.736927,1000,7079.579457
697.21918,1000,7084.054293
742.799353,1000,7088.442484
745.056882,1000,7092.941636
734.516485,1000,7097.224927
722.9511,1000,7101.499533
702.498059,1000,7105.750845
728.65888,1000,7110.21172
734.301571,1000,7115.186724
740.191005,1000,7120.231125
733.011249,1000,7125.277426
684.601797,1000,7130.359418
726.045035,1000,7135.367434
735.408541,1000,7140.542384
708.979185,1000,7145.600159
736.116487,1000,7150.056399
688.539992,1000,7154.323857
731.689697,1000,7158.670612
724.08053,1000,7162.929503
757.013192,1000,7167.194048
722.475661,1000,7171.458274
761.031644,1000,7175.748996
751.007044,1000,7180.006941
709.107938,1000,7184.292038
721.66006,1000,7188.563079
708.95746,1000,7192.91392
740.270557,1000,7197.184896
747.248345,1000,7201.450353
746.739339,1000,7205.715199
746.254422,1000,7209.988686
724.099402,1000,7214.910927
747.719546,1000,7219.995309
747.129949,1000,7224.860491
763.795108,1000,7229.135163
723.601262,1000,7233.407768
719.081483,1000,7237.70829
694.222157,1000,7241.95454
732.835003,1000,7246.20204
720.418098,1000,7250.471018
710.465005,1000,7254.746168
734.240697,1000,7259.238788
727.072129,1000,7264.008606
720.30414,1000,7268.506081
732.334969,1000,7273.57436
761.36004,1000,7278.565895
717.830056,1000,7283.369833
693.585027,1000,7287.579777
728.396918,1000,7291.98353
763.798316,1000,7296.2256
765.899343,1000,7300.521883
738.964142,1000,7305.217557
740.28767,1000,7310.352138
713.683387,1000,7315.33645
740.635862,1000,7320.395184
728.319081,1000,7325.484136
748.629009,1000,7330.495888
725.940795,1000,7335.493348
752.610096,1000,7340.406151
742.469133,1000,7345.012939
740.245995,1000,7349.286348
746.008379,1000,7354.375055
751.62246,1000,7359.37431
719.128313,1000,7364.338075
735.030674,1000,7369.310174
758.465976,1000,7374.308551
734.508955,1000,7379.388474
746.158397,1000,7384.373419
740.887191,1000,7389.375642
749.216771,1000,7394.388756
733.227196,1000,7399.416634
749.833059,1000,7404.41436
740.503327,1000,7409.429765
723.588106,1000,7414.419271
728.005448,1000,7419.427054
733.066105,1000,7424.384276
727.380684,1000,7428.637901
733.254443,1000,7433.013083
743.3254,1000,7437.489736
738.15423,1000,7441.952804
735.733224,1000,7446.144246
707.636312,1000,7450.349815
743.485793,1000,7454.992711
711.453508,1000,7459.384889
733.905876,1000,7463.594084
746.975374,1000,7467.881626
720.702808,1000,7472.137361
743.538684,1000,7476.435682
741.149107,1000,7480.727559
754.145304,1000,7484.995024
748.227162,1000,7489.21968
731.126115,1000,7493.487477
720.523436,1000,7497.703411
725.991886,1000,7501.976776
739.98733,1000,7506.226538
745.819445,1000,7510.475122
710.876285,1000,7514.777659
715.506841,1000,7519.011931
744.319411,1000,7523.35279
727.369066,1000,7527.94399
733.118285,1000,7532.185976
721.01762,1000,7536.408863
728.602074,1000,7540.990515
710.347961,1000,7545.274466
746.544339,1000,7549.658704
747.186179,1000,7553.903372
718.609698,1000,7558.180421
742.21771,1000,7562.458697
760.141353,1000,7566.729627
750.23488,1000,7571.090764
739.098814,1000,7575.346684
744.81181,1000,7579.600512
736.38703,1000,7583.878817
744.306048,1000,7588.1991
758.165801,1000,7592.491825
720.322043,1000,7596.92558
739.938108,1000,7601.256202
754.662823,1000,7605.517869
743.176723,1000,7609.796236
754.491187,1000,7614.094625
763.879696,1000,7618.361977
743.864354,1000,7622.647166
769.570893,1000,7626.935503
743.11664,1000,7631.400681
745.820575,1000,7635.703472
764.999354,1000,7639.967535
761.894496,1000,7644.590541
762.431748,1000,7649.612295
755.716522,1000,7654.392132
768.255155,1000,7659.472243
782.16871,1000,7664.578652
758.394624,1000,7669.612185
763.567833,1000,7674.638417
743.315605,1000,7679.658971
763.110517,1000,7684.776812
754.237774,1000,7689.814414
754.419712,1000,7694.789885
734.507574,1000,7699.771994
753.765565,1000,7704.053871
763.001968,1000,7708.346832
759.754686,1000,7712.574093
744.774749,1000,7716.816212
754.204018,1000,7721.635687
751.021321,1000,7726.653755
765.67928,1000,7731.675969
728.729659,1000,7736.743406
733.654699,1000,7741.766639
741.387893,1000,7746.859831
749.418196,1000,7751.875909
752.388791,1000,7756.884721
759.101457,1000,7761.863301
767.42162,1000,7766.864054
767.344162,1000,7772.088383
757.717082,1000,7777.159803
745.659453,1000,7782.19361
732.443266,1000,7786.654777
769.995906,1000,7790.98954
748.093505,1000,7795.220358
752.594524,1000,7799.503965
735.846913,1000,7803.782428
767.579401,1000,7808.82967
758.614956,1000,7813.911001
757.897108,1000,7818.94204
750.161453,1000,7823.984746
750.709422,1000,7829.092187
741.583282,1000,7833.767522
759.213206,1000,7838.189785
765.204628,1000,7842.527475
765.867813,1000,7846.815156
751.73753,1000,7851.138879
768.607858,1000,7855.399527
762.165691,1000,7859.661827
759.375202,1000,7863.915178
772.186419,1000,7868.209535
734.702503,1000,7872.491351
746.57308,1000,7876.767909
762.312484,1000,7881.066284
773.968305,1000,7885.41037
754.616245,1000,7890.407127
752.772297,1000,7895.424539
747.41676,1000,7900.444533
758.454632,1000,7905.447148
752.974051,1000,7910.435464
769.496998,1000,7915.504802
761.280093,1000,7920.491273
749.405242,1000,7925.447873
752.341839,1000,7930.476907
759.214262,1000,7935.490784
759.513867,1000,7940.011185
733.545987,1000,7944.268208
748.553988,1000,7948.603908
752.932766,1000,7952.869215
763.972377,1000,7957.108238
757.715464,1000,7961.329064
759.875653,1000,7965.591953
751.438799,1000,7969.867659
741.328372,1000,7974.126638
731.137322,1000,7978.860855
760.720398,1000,7983.996831
760.230081,1000,7989.012553
753.081776,1000,7994.079685
731.922929,1000,7999.075307
754.767537,1000,8004.070912
725.228677,1000,8009.021621
756.62936,1000,8013.24459
761.559638,1000,8017.479291
765.855912,1000,8021.772835
739.832553,1000,8026.212008
750.381748,1000,8030.431031
728.676089,1000,8034.656803
760.035757,1000,8038.905083
755.797218,1000,8043.308841
738.048436,1000,8047.556391
752.087985,1000,8051.817938
732.075675,1000,8056.126336
765.811236,1000,8060.369921
751.272259,1000,8064.774663
746.280659,1000,8069.099781
742.167959,1000,8073.407837
748.195029,1000,8077.710416
743.476512,1000,8082.531437
743.967857,1000,8087.560243
776.038781,1000,8092.551042
771.627646,1000,8097.62706
760.717118,1000,8102.169847
755.984198,1000,8106.42549
765.462241,1000,8110.720219
772.082046,1000,8115.535307
763.365838,1000,8120.529083
769.628384,1000,8125.583144
763.028803,1000,8130.568662
754.269519,1000,8135.606627
760.409687,1000,8140.601064
775.199837,1000,8145.575791
753.430663,1000,8150.586386
740.720675,1000,8155.280653
770.264085,1000,8159.53547
759.242032,1000,8164.515647
754.866656,1000,8169.56834
753.193555,1000,8174.556724
752.018056,1000,8179.592308
771.410584,1000,8184.63092
780.965138,1000,8189.66673
759.425826,1000,8194.712063
748.875504,1000,8199.769888
749.95214,1000,8204.770319
761.167724,1000,8209.77952
780.806911,1000,8214.80839
768.392537,1000,8219.150939
763.330768,1000,8223.381082
751.864405,1000,8227.660439
749.14763,1000,8231.926534
766.390275,1000,8236.183142
747.994765,1000,8240.458043
771.456696,1000,8244.689316
762.291874,1000,8249.010784
764.796975,1000,8253.760478
748.488774,1000,8258.63155
761.917832,1000,8262.911792
747.097455,1000,8267.119869
769.38642,1000,8271.407433
748.478647,1000,8275.649091
759.112331,1000,8280.067003
756.66056,1000,8284.296472
772.559837,1000,8288.554113
738.528291,1000,8292.804368
766.256576,1000,8297.052562
775.760502,1000,8301.341187
760.520104,1000,8305.591635
754.623684,1000,8309.873451
774.414318,1000,8314.1516
785.045238,1000,8318.434617
760.016902,1000,8322.732774
750.784552,1000,8327.287441
791.163706,1000,8332.43801
768.000785,1000,8337.364577
756.70342,1000,8342.343104
761.1813,1000,8347.340889
785.946992,1000,8352.309979
755.61314,1000,8357.278915
780.868501,1000,8362.288122
777.340079,1000,8367.341169
732.71343,1000,8372.375798
764.741743,1000,8377.429536
739.433027,1000,8382.396282
773.166487,1000,8387.462732
765.409484,1000,8392.468656
771.227622,1000,8397.470367
775.244509,1000,8402.444168
769.205068,1000,8407.375984
757.705093,1000,8412.215437
789.323353,1000,8416.639437
740.290481,1000,8420.884348
729.081003,1000,8425.127038
746.562127,1000,8429.569584
784.752896,1000,8433.796268
763.351799,1000,8438.025143
771.424113,1000,8442.258003
766.611388,1000,8446.611947
749.113273,1000,8450.940311
789.195956,1000,8455.194578
777.463343,1000,8459.451689
772.382906,1000,8463.692935
749.243423,1000,8467.967017
769.763115,1000,8472.233809
771.086173,1000,8476.482971
775.900341,1000,8480.738945
757.046495,1000,8485.12478
762.76237,1000,8489.46747
761.532423,1000,8493.758241
760.568337,1000,8498.036782
738.107668,1000,8502.329352
759.673228,1000,8506.811368
774.822515,1000,8511.119685
772.404761,1000,8515.465985
750.16244,1000,8519.716432
757.303445,1000,8523.981312
748.89083,1000,8528.573899
746.650869,1000,8533.629349
764.38611,1000,8538.659878
761.515068,1000,8543.648534
763.462217,1000,8548.692031
771.809988,1000,8553.73467
770.265515,1000,8558.835127
761.207131,1000,8563.827775
727.810003,1000,8568.300034
770.572784,1000,8572.922784
729.424142,1000,8577.727001
770.004247,1000,8582.728777
754.576626,1000,8587.247635
765.119122,1000,8591.601155
749.015646,1000,8595.820524
743.177615,1000,8600.080413
759.191425,1000,8604.343617
769.769157,1000,8608.660764
766.980326,1000,8613.007613
775.710573,1000,8617.306457
762.516812,1000,8621.557892
777.930533,1000,8625.885951
768.050688,1000,8630.167951
760.10891,1000,8635.058508
770.676647,1000,8639.464239
759.014332,1000,8643.734397
755.637094,1000,8648.181705
737.564226,1000,8653.187772
740.863799,1000,8658.23287
766.303998,1000,8663.222117
765.038707,1000,8668.234648
764.314683,1000,8673.2457
747.455987,1000,8678.259
769.11661,1000,8683.247585
753.541269,1000,8688.245547
769.922965,1000,8693.245426
778.82959,1000,8698.189046
756.959839,1000,8703.187093
761.007445,1000,8708.22001
755.272168,1000,8713.047672
766.188909,1000,8718.058794
756.610151,1000,8723.052258
762.638432,1000,8728.020409
759.166366,1000,8732.983189
769.662115,1000,8738.022506
745.358991,1000,8742.990532
774.901523,1000,8747.258879
775.785792,1000,8751.632998
765.6169,1000,8756.130801
769.913951,1000,8761.231522
737.576975,1000,8765.836694
759.15609,1000,8770.064923
758.540133,1000,8774.569429
775.610936,1000,8779.020958
768.640075,1000,8783.272474
739.471837,1000,8787.779781
767.46556,1000,8792.496635
765.982306,1000,8796.705773
775.680871,1000,8800.956765
767.129358,1000,8805.210005
750.754727,1000,8809.464585
766.201747,1000,8813.721845
748.251773,1000,8817.965501
776.319896,1000,8822.210616
753.048469,1000,8826.453224
766.706279,1000,8830.701616
748.023217,1000,8834.95151
760.84873,1000,8839.260364
757.08745,1000,8843.53218
755.201321,1000,8847.797127
756.006302,1000,8852.043318
780.69965,1000,8856.312303
759.829879,1000,8860.593339
749.998842,1000,8865.52245
761.937021,1000,8870.099532
772.907504,1000,8874.359244
743.522727,1000,8878.593051
758.893128,1000,8882.891761
769.521865,1000,8887.147718
763.500124,1000,8892.067161
740.804294,1000,8896.682453
