time_s,hip_pos_target_r,hip_pos_target_l,hip_pos_r,hip_pos_l,hip_vel_target_r,hip_vel_target_l,hip_vel_r,hip_vel_l,pid_output_r,pid_output_l,agent_torque_r,agent_torque_l,combined_torque_r,combined_torque_l
4.76837158203125e-07,0.5585056516283676,0.17517329854257385,0.5426828861236572,0.1192232146859169,0.32936699390986535,-0.3784481771757629,0.08470412343740463,0.0022110219579190016,0.06803789167025472,0.24058536058362487,0.9600793123245239,-0.8630905747413635,1.0281172039947786,-0.6225052141577386
0.11817264556884766,0.5974276636073336,0.1304512566931593,0.54246985912323,0.11926582455635071,0.028662217899295683,-0.7298266327159411,-0.024349765852093697,0.009812671691179276,0.2363185592816454,0.04809735818827692,0.946601390838623,-0.7048027515411377,1.1829199501202685,-0.6567053933528608
0.11935234069824219,0.5974579349700964,0.1295861456833923,0.54246985912323,0.11926582455635071,0.025660326984962012,-0.7333343914126402,-0.024349765852093697,0.009812671691179276,0.23644872614152543,0.04437738084627885,0.9469845294952393,-0.6629672050476074,1.1834332556367646,-0.6185898242013286
0.12023425102233887,0.5974805650773841,0.12893941051259034,0.54246985912323,0.11913799494504929,0.02566032698490517,-0.7333343914126402,-0.010561926290392876,-0.050256550312042236,0.23654603560286278,0.042146086940426514,0.94606614112854,-0.6747264862060547,1.1826121767314028,-0.6325803992656281
0.12103509902954102,0.5975011150991141,0.12835212112661473,0.54246985912323,0.11913799494504929,0.025660326984848325,-0.733334391412626,-0.010561926290392876,-0.050256550312042236,0.2366344006963016,0.039620742580731415,0.9453866481781006,-0.6753978729248047,1.182021048874402,-0.6357771303440732
0.12178468704223633,0.5975203497726238,0.1278024224575146,0.54246985912323,0.11913799494504929,0.025660326984962012,-0.7333343914126402,-0.010561926290392876,-0.050256550312042236,0.23671710979239344,0.03725703830360089,0.944961428642273,-0.6725590229034424,1.1816785384346664,-0.6353019845998416
0.12246489524841309,0.5975378041376121,0.1273036023866041,0.5426403284072876,0.1192232146859169,0.025660326984962012,-0.7333343914126402,0.06984978169202805,0.0005705884541384876,0.23605914564039557,0.034745667112954945,0.945662260055542,-0.6020238399505615,1.1817214056959375,-0.5672781728376066
0.12305545806884766,0.5975529581726896,0.12687052236008978,0.5426403284072876,0.1192232146859169,0.025660326984848325,-0.7333343914126544,0.06984978169202805,0.0005705884541384876,0.23612430799122863,0.03288342299894337,0.9438543319702148,-0.5577282905578613,1.1799786399614436,-0.5248448675589179
0.1236259937286377,0.5975675983042764,0.12645212893923843,0.5426403284072876,0.1192232146859169,0.02566032698490517,-0.7333343914126544,0.06984978169202805,0.0005705884541384876,0.23618726055705191,0.03108433128928259,0.9426674842834473,-0.5281572937965393,1.1788547448404991,-0.49707296250725674
0.12443184852600098,0.5975882768018791,0.12586116790184707,0.5428107380867004,0.11901015788316727,0.025660326984848325,-0.7333343914126544,0.09007962793111801,-0.07410793006420135,0.2355434164752682,0.029459343080323133,0.9398300647735596,-0.5629326105117798,1.1753734812488277,-0.5334732674314566
0.12498092651367188,0.597602366322583,0.12545851012992035,0.5428107380867004,0.11901015788316727,0.025660326984848325,-0.7333343914126544,0.09007962793111801,-0.07410793006420135,0.23560400141429505,0.027727914661038244,0.9403514862060547,-0.5786141157150269,1.1759554876203497,-0.5508862010539886
0.1254873275756836,0.5976153607394197,0.12508714881529928,0.5428107380867004,0.11901015788316727,0.023622071513614173,-0.736185954057504,0.09007962793111801,-0.07410793006420135,0.2356598774066927,0.02613106100816766,0.9406187534332275,-0.5823671221733093,1.1762786308399202,-0.5562360611651417
0.1260216236114502,0.597626832897727,0.12469220007390164,0.5433646440505981,0.11871188879013062,0.009884838494638615,-0.7554046344788814,0.20534344017505646,-0.12443053722381592,0.23332741204265406,0.025715338520215396,0.9329674243927002,-0.5447170734405518,1.1662948364353543,-0.5190017349203364
0.1300668716430664,0.5973119504501715,0.1211399316044974,0.5445577502250671,0.1174335777759552,-0.0778400842406839,-0.8781336624209377,0.2743818163871765,-0.31704631447792053,0.2268430609679487,0.015937321462731472,0.9250707626342773,-0.6000294089317322,1.151913823602226,-0.5840920874690007
0.14007091522216797,0.5965332348552266,0.11235504417736229,0.5470291972160339,0.11236297339200974,-0.09303696780703063,-0.9011217083319689,0.14668075740337372,-0.5637770891189575,0.21286736184852836,-3.409562298400254e-05,0.8960387706756592,-0.7613198161125183,1.1089061325241876,-0.7613539117355023
0.15006661415100098,0.595451488569891,0.10311811296394648,0.5502249002456665,0.1039261668920517,-0.14239417438853508,-0.9757834457851695,0.4312371611595154,-1.0002235174179077,0.19447432979416554,-0.003474631890852449,0.7559216022491455,-0.7970523834228516,0.9503959320433111,-0.800527015313704
0.16015028953552246,0.593668009628153,0.09275278758355335,0.5543155074119568,0.0921657606959343,-0.18708247064684969,-1.0446534267784644,0.47159597277641296,-1.2167083024978638,0.16921575952964382,0.002524215616761924,0.6251397132873535,-0.8131694197654724,0.7943554728169974,-0.8106452041487104
0.1701521873474121,0.5916954937758473,0.08213837399782463,0.559173047542572,0.08428288251161575,-0.23433551887112003,-1.1220111287513284,0.5285745859146118,-0.5728914141654968,0.13984651880308366,-0.009221386609301833,0.8651089668273926,-0.46438318490982056,1.0049554856304763,-0.4736045715191224
0.1801450252532959,0.5889832051864825,0.07031957225528382,0.5636897087097168,0.07972359657287598,-0.27633350314282623,-1.191437354139821,0.4866044819355011,-0.500650942325592,0.10876203485009255,-0.04043730456564628,0.7401288747787476,-0.038955748081207275,0.8488909096288401,-0.07939305264685356
0.190079927444458,0.586189358853273,0.05839672638861199,0.5688881874084473,0.07286336272954941,-0.32108034003583796,-1.2708120366949922,0.4983924329280853,-0.7505509853363037,0.07439503721275043,-0.062206536266030885,0.645859956741333,0.09530925750732422,0.7202549939540834,0.033102721241293334
0.20015454292297363,0.5825473247671786,0.044871337740199246,0.5737031102180481,0.06476743519306183,-0.36216294938161653,-1.343786122547298,0.30441829562187195,-0.663654625415802,0.0380301225612613,-0.0855532190473091,0.6244118213653564,0.30231142044067383,0.6624419439266177,0.2167582013933647
0.21015286445617676,0.5789197846431587,0.031423184417398185,0.5759614706039429,0.05837590992450714,-0.4049399513514338,-1.4261283633629973,0.22862206399440765,-0.6101688146591187,0.012720750368628242,-0.1158967196805685,0.48210203647613525,0.5277657508850098,0.4948227868447635,0.4118690312044413
0.22016334533691406,0.5744439362421119,0.016334243965075587,0.5783050060272217,0.05326269194483757,-0.44711622292387077,-1.5073142471464616,0.17535948753356934,-0.4661959707736969,-0.01660260007597216,-0.15879232631297652,0.4634079933166504,0.8728923797607422,0.44680539324067825,0.7141000534477657
0.23015761375427246,0.5699753366964553,0.001269740789785357,0.5780067443847656,0.0493425577878952,-0.4842800950275752,-1.5822940565849752,-0.02065274305641651,-0.39035430550575256,-0.03453505305973448,-0.20671311309187235,0.23322772979736328,0.9832069873809814,0.1986926767376288,0.7764938742891091
0.2401423454284668,0.564769212685628,-0.015276979692257244,0.5769414305686951,0.04716943949460983,-0.5248278860202014,-1.6641010769432434,-0.13490238785743713,-0.14867568016052246,-0.052340536897188546,-0.2685196025035284,0.02434360980987549,0.9867591857910156,-0.027996927087313057,0.7182395832874873
0.25014638900756836,0.5594845378388756,-0.031993868350009655,0.5743422508239746,0.046658117324113846,-0.5594908382348862,-1.7273373407540635,-0.24067175388336182,-0.003384504234418273,-0.06388816583592556,-0.338203538398731,-0.2968332767486572,0.9786882400512695,-0.3607214425845828,0.6404847016525386
0.26014232635498047,0.5535799128152176,-0.04982278077753556,0.5705925822257996,0.047425102442502975,-0.5978099735378883,-1.796431560956739,-0.4434666037559509,0.1218753308057785,-0.07315447846550256,-0.4181658978461657,-0.4770587682723999,0.970882773399353,-0.5502132467379025,0.5527168755531873
0.2701404094696045,0.5475318824902411,-0.06791181274333438,0.5650532245635986,0.04921472445130348,-0.6306886552589397,-1.847331165878594,-0.6358219385147095,0.1941842883825302,-0.07534177091543741,-0.5036441099369428,-0.4501539468765259,0.9608864784240723,-0.5254957177919632,0.4572423684871295
0.2801485061645508,0.5409617258225492,-0.08678158328929063,0.556786835193634,0.05143045261502266,-0.6668010335765899,-1.9006962775109124,-0.9153542518615723,0.20088423788547516,-0.06804797029566478,-0.5943117543885472,-0.3945223093032837,0.907485842704773,-0.4625702795989485,0.31317408831622573
0.29015040397644043,0.534189325338147,-0.10594454585998357,0.5462621450424194,0.05296441912651062,-0.6979379113842619,-1.9390373808908477,-1.0752780437469482,0.18616041541099548,-0.05191312472837145,-0.6833085494419251,-0.27213674783706665,0.8404500484466553,-0.3240498725654381,0.15714149900473018
0.30014705657958984,0.5270041977351506,-0.1255592777929534,0.5362488031387329,0.05407228320837021,-0.731787635198625,-1.976590201722634,-0.9115532636642456,0.05086836591362953,-0.03975180323540387,-0.7724157123056915,-0.228318452835083,0.902318000793457,-0.2680702560704869,0.12990228848776553
0.3101511001586914,0.5195528704332912,-0.14547793979053408,0.5266188979148865,0.05394445359706879,-0.7611195545762364,-2.0022826985289672,-0.864816427230835,-0.00621540192514658,-0.030383918170859524,-0.8575162915666923,-0.23270338773727417,0.9207676649093628,-0.2630873059081337,0.0632513733426705
0.3201441764831543,0.5117843558148593,-0.16559891899089837,0.5172020196914673,0.05313486233353615,-0.7927277673223188,-2.024059138789104,-1.0595365762710571,-0.06780441850423813,-0.023295954669414507,-0.9405552596950684,-0.01354295015335083,0.8611937761306763,-0.036838904822765334,-0.0793614835643921
0.33014583587646484,0.5037022248211143,-0.1859486488226859,0.5065069198608398,0.05232527107000351,-0.8202563993651495,-2.0371257581323228,-1.12819504737854,-0.09528116136789322,-0.012060188670819993,-1.0245778555385645,0.2736630439758301,0.8535898923873901,0.2616028553050101,-0.17098796315117437
0.34013938903808594,0.49538335210552775,-0.20633164116670766,0.49470385909080505,0.04938516765832901,-0.8496348110062968,-2.0431339431990363,-1.1739301681518555,-0.3465081453323364,0.0029218199633076034,-1.0995822779476576,0.7302771806716919,0.8433167934417725,0.7331990006349995,-0.25626548450588515
0.35013771057128906,0.48671626796812756,-0.22679476017532407,0.4837956726551056,0.044655438512563705,-0.8753885081880775,-2.0435852849472322,-1.1527271270751953,-0.5118515491485596,0.01255855984599446,-1.1672358543579173,0.8050756454467773,0.8653542995452881,0.8176342052927718,-0.30188155481262924
0.36014890670776367,0.47786703038254374,-0.24722271793077996,0.4733135998249054,0.037837814539670944,-0.902553605397749,-2.033813216198485,-0.8251079320907593,-0.6004275679588318,0.019579751397844902,-1.225760289622939,0.6405253410339355,0.9329938888549805,0.6601050924317804,-0.29276640076795846
0.3701510429382324,0.4686534999137062,-0.26749826135452054,0.46602725982666016,0.030934972688555717,-0.9265129050692416,-2.0216293760305764,-0.815906822681427,-0.7670978903770447,0.011292832374297967,-1.2832629063852279,0.784149169921875,0.9348901510238647,0.795442002296173,-0.34837275536136314
0.38014912605285645,0.4593366124684538,-0.2876557933956832,0.45673826336860657,0.020751144737005234,-0.9514400236566658,-1.9960726941278217,-0.7576115131378174,-0.9586624503135681,0.011172901129343138,-1.3261498339705602,0.7513279914855957,0.9310715198516846,0.7625008926149388,-0.3950783141188756
0.3901336193084717,0.4496418085968698,-0.30738548144968336,0.4510284662246704,0.011632571928203106,-0.9735862556671435,-1.9712953606809869,-0.5792562365531921,-1.0225496292114258,-0.005962627799542591,-1.3717776295249118,0.4127311706542969,0.9371042251586914,0.4067685428547543,-0.4346734043662204
0.4001502990722656,0.43986357766798007,-0.32708370751001414,0.4459152817726135,0.0037496937438845634,-0.9962798297762276,-1.9299468737598868,-0.6038957238197327,-0.7408462762832642,-0.026022327649923876,-1.4225836253917643,0.610419511795044,0.944476842880249,0.5843971841451201,-0.4781067825115153
0.41015625,0.4296940962465226,-0.3460288797927878,0.4387567341327667,-0.0008948132744990289,-1.0166508979629327,-1.8925313869916032,-0.7217121124267578,-0.41122400760650635,-0.038969342910849705,-1.4840764860286415,0.36663591861724854,0.9265499114990234,0.32766657570639884,-0.5575265745296181
0.4201502799987793,0.4195305864285749,-0.36493431962297274,0.4328765571117401,-0.00400535436347127,-1.0370834637517028,-1.8354603718658105,-0.5137131810188293,-0.3163062632083893,-0.05738767393761049,-1.5519945506158563,0.0491870641708374,0.9497543573379517,-0.008200609766773087,-0.6022401932779047
0.43015384674072266,0.4089545353080581,-0.3827326034546287,0.42601633071899414,-0.009118572808802128,-1.057228026097242,-1.7791937906537392,-0.8009877800941467,-0.5695552825927734,-0.07336572026702502,-1.6065403317770541,0.82619309425354,0.9213219881057739,0.752827373986515,-0.6852183436712802
0.4401559829711914,0.3983799965643639,-0.40052834212915145,0.4147246479988098,-0.015467486344277859,-1.0738994270918525,-1.7124613585542896,-1.149741768836975,-0.6112505793571472,-0.07028200116811742,-1.6557616798749564,0.9115200042724609,0.7266000509262085,0.8412380031043435,-0.9291616289487479
0.45015573501586914,0.3874745984345832,-0.41698538239104505,0.40709739923477173,-0.01943022944033146,-1.0921031680986957,-1.6395952622323477,-0.5239665508270264,-0.25765055418014526,-0.08437804344081064,-1.7094871576880684,-0.12218910455703735,0.9510507583618164,-0.20656714799784798,-0.758436399326252
0.4601600170135498,0.3765335136899376,-0.4333268058433814,0.40074849128723145,-0.022114668041467667,-1.1066762310236378,-1.5638157537700152,-0.7579206824302673,-0.290660560131073,-0.10412440366836356,-1.768212192548229,0.8328324556350708,0.9283237457275391,0.7287080519667073,-0.83988844682069
0.4701547622680664,0.3653423988554502,-0.44826150366764667,0.3871132433414459,-0.028463583439588547,-1.122639047008704,-1.4785564037294776,-1.3897732496261597,-0.7359424233436584,-0.09361463128978151,-1.8051310569806498,0.9840030670166016,0.616337776184082,0.89038843572682,-1.1887932807965678
0.48015475273132324,0.3540866117971271,-0.4628899856519904,0.3798695206642151,-0.03634646162390709,-1.1354055814249584,-1.402540277623146,-0.6719532608985901,-0.9957370758056641,-0.11086650812847842,-1.8341371533207582,0.37543368339538574,0.9354536533355713,0.2645671752669073,-0.8986834999851869
0.4901566505432129,0.34263210578277525,-0.4763147275183349,0.37914514541625977,-0.04593374580144882,-1.1491537347840435,-1.3181561519600038,0.13120822608470917,-0.883267879486084,-0.1570060704239834,-1.8506382213826102,-0.016187429428100586,0.9854059219360352,-0.173193499852084,-0.8652322994465751
0.5000886917114258,0.3311799971991151,-0.4891693801745405,0.3750971853733063,-0.055052317678928375,-1.1600223889843875,-1.2457624190976802,-0.6529802680015564,-1.0184636116027832,-0.18884390914902197,-1.866703368731132,0.92234206199646,0.9362330436706543,0.733498152847438,-0.9304703250604778
0.5100796222686768,0.319520188517663,-0.5011282879433141,0.36619165539741516,-0.06851712614297867,-1.1715191517159553,-1.1658296630443523,-0.8278949856758118,-1.5088869333267212,-0.20068730758293427,-1.8602279957414423,0.7910473346710205,0.8610364198684692,0.5903600270880862,-0.999191575872973
0.520164966583252,0.3076594067769186,-0.5125689877994662,0.3652968406677246,-0.08675426989793777,-1.180844312171395,-1.0951919357415356,0.17564783990383148,-1.9539495706558228,-0.2478409657304658,-1.8310032869765724,-0.4071725606918335,0.9922292232513428,-0.6550135264222993,-0.8387740637252297
0.5301620960235596,0.2958067572928364,-0.5231293364669833,0.36951524019241333,-0.10520446300506592,-1.1900879696877276,-1.0197553127430936,0.2584456205368042,-1.7559823989868164,-0.3169464764681808,-1.797076955886245,0.025961637496948242,0.9869930744171143,-0.29098483897123256,-0.8100838814691307
0.5401427745819092,0.28388420518391816,-0.5329426662907909,0.36363503336906433,-0.12233375012874603,-1.1974735430698598,-0.9537270894594378,-0.7787593603134155,-1.698868751525879,-0.3429285611961285,-1.7656183394967928,0.8430866003036499,0.6749047040939331,0.5001580391075213,-1.0907136354028597
0.5501537322998047,0.27186712526134144,-0.5421941120238827,0.355752170085907,-0.14278662204742432,-1.2045057916638964,-0.8824308021287486,-0.6718755960464478,-2.1811344623565674,-0.36070569274563186,-1.717452206898771,0.14690065383911133,0.9616060256958008,-0.21380503890652053,-0.7558461812029702
0.5601494312286377,0.2597861968089939,-0.5505984280112093,0.3540477752685547,-0.16660569608211517,-1.2101193478772299,-0.819755352694596,-0.009275214746594429,-2.3799917697906494,-0.4053247873761114,-1.6511687472951047,-0.08221393823623657,0.9819689989089966,-0.48753872561234796,-0.6691997483861081
0.5701451301574707,0.24767514792266837,-0.5585821674255517,0.3529825210571289,-0.18684551119804382,-1.2149184522487282,-0.752744669135577,-0.25029534101486206,-1.8935173749923706,-0.45282170447818026,-1.5984676217782836,0.15734589099884033,0.9266712665557861,-0.29547581347933993,-0.6717963552224975
0.5800759792327881,0.23557749159170988,-0.5656039741129262,0.34373611211776733,-0.20567920804023743,-1.218733333261822,-0.6937520292598585,-1.1314839124679565,-1.9489710330963135,-0.46508206826204707,-1.5476764941125616,0.594191312789917,-0.08502393960952759,0.12910924452786993,-1.6327004337220892
0.590167760848999,0.2232727240286157,-0.5724685867361661,0.3318052589893341,-0.2277512550354004,-1.2212998081991682,-0.6308978186247067,-1.1706316471099854,-2.315178632736206,-0.46668990033108915,-1.4822845263132924,-0.16700148582458496,-0.2749549150466919,-0.6336913861556741,-1.7572394413599843
0.6001601219177246,0.21104913044748966,-0.5782847745156511,0.3224736452102661,-0.25276342034339905,-1.2233306845252407,-0.575278197060797,-0.8694074153900146,-2.639974355697632,-0.47912541347993876,-1.3997418229406837,-0.24815422296524048,-0.04102826118469238,-0.7272796364451792,-1.440770084125376
0.6101689338684082,0.19880467413369476,-0.5839746020605568,0.3117358684539795,-0.2748354971408844,-1.2236466481518882,-0.5171164406376185,-1.1956355571746826,-2.128415822982788,-0.4856041355772243,-1.3292981511545914,0.39521169662475586,-0.8477555513381958,-0.09039243895246846,-2.1770537024927874
0.620173454284668,0.18655988577285526,-0.588634438492536,0.29741886258125305,-0.29439353942871094,-1.2238969089071752,-0.4649981039485773,-1.4787654876708984,-2.062034845352173,-0.47669360027611046,-1.265235865974448,-0.040249764919281006,-0.9813454151153564,-0.5169433651953914,-2.2465812810898047
0.630143404006958,0.17435797989576732,-0.5932627462936936,0.28340011835098267,-0.31740304827690125,-1.2219108169715227,-0.4112960203897451,-1.4628163576126099,-2.476931095123291,-0.468881195357426,-1.186196701472207,0.6426482200622559,-0.9707431197166443,0.17376702470482985,-2.1569398211888515
0.6401448249816895,0.16215677529466774,-0.5968452469913964,0.2677622139453888,-0.34254300594329834,-1.2199471087084408,-0.3581991705732612,-1.6430941820144653,-2.6230249404907227,-0.45410338619810053,-1.0934996365068217,0.21857881546020508,-0.9751757383346558,-0.23552457073789546,-2.0686753748414777
0.6501669883728027,0.1499302660426755,-0.6004351776054428,0.2537434697151184,-0.36614906787872314,-1.2157531892023021,-0.3128346113147664,-1.3937597274780273,-2.3436081409454346,-0.44639677579150444,-1.0074302718248946,-0.21487462520599365,-0.9635171294212341,-0.661271400997498,-1.9709474012461288
0.6601653099060059,0.13781660715475708,-0.6031105081888061,0.2390429675579071,-0.39069250226020813,-1.2111883664746443,-0.2634580863647429,-1.4319708347320557,-2.5005414485931396,-0.4352733497335451,-0.9133974254929711,0.34388089179992676,-0.9881395101547241,-0.09139245793361833,-1.9015369356476952
0.6701552867889404,0.1257206651814546,-0.605701325185136,0.2214023619890213,-0.41826125979423523,-1.2049227635224877,-0.22259892030683304,-1.895990252494812,-2.8487343788146973,-0.4114312962725368,-0.8059922811808732,0.6366802453994751,-0.9992282390594482,0.22524894912693832,-1.8052205202403213
0.6801505088806152,0.11373604772946451,-0.6075588063550053,0.20180168747901917,-0.4469379186630249,-1.1977030464106777,-0.1775232676677838,-1.8765132427215576,-2.8595070838928223,-0.378682250923085,-0.6906698170755154,0.2826497554779053,-0.9993414878845215,-0.09603249544517972,-1.690011304960037
0.6901566982269287,0.10176494299338414,-0.6092518586459061,0.18484283983707428,-0.47408053278923035,-1.189305819833697,-0.1400563004395856,-1.5755915641784668,-2.678501605987549,-0.3572349564278676,-0.5812367011837059,-0.07255244255065918,-0.9970974326133728,-0.4297873989785268,-1.5783341337970787
0.7001614570617676,0.0899368903878961,-0.6103615491018236,0.16860836744308472,-0.5025867223739624,-1.1794364329644127,-0.09933883954196077,-1.5903760194778442,-2.7520620822906494,-0.3382873513373111,-0.46343175492980315,0.055338144302368164,-0.9985564351081848,-0.2829492070349429,-1.4619881900379879
0.7101538181304932,0.07817954168621004,-0.6112386362218029,0.14764419198036194,-0.5333086848258972,-1.168933539750796,-0.06541228406661403,-2.1371285915374756,-2.8585360050201416,-0.29869799626485316,-0.33509879100239426,0.5156807899475098,-0.9998852014541626,0.2169827936826566,-1.3349839924565567
0.7201550006866455,0.06656590257987531,-0.611668977724448,0.12953487038612366,-0.5573408007621765,-1.1564109578814374,-0.029043070814481098,-2.1164565086364746,-2.7951834201812744,-0.2707665615668679,-0.23361116093776715,0.19950556755065918,-0.999841034412384,-0.07126099401620872,-1.2334521953501512
0.7301487922668457,0.055057063334250436,-0.6118195583354337,0.10912460088729858,-0.5856765508651733,-1.1437913319898891,0.0014036070935574685,-1.8097374439239502,-2.669750452041626,-0.23249041147810703,-0.1124149321221194,-0.134665846824646,-0.999444305896759,-0.367156258302753,-1.1118592380188783
0.7401516437530518,0.043694057107151595,-0.6116406117072768,0.09173966199159622,-0.613202691078186,-1.128618508310085,0.0334125997618564,-1.5828723907470703,-2.6622610092163086,-0.20659610100311188,0.00671694129490974,-0.06520730257034302,-0.9984903335571289,-0.2718034035734549,-0.9917733922622192
0.7501473426818848,0.032486223974314235,-0.6111515767540486,0.07149983942508698,-0.6408993005752563,-1.11387574185437,0.06038837676014808,-2.0438783168792725,-2.6339223384857178,-0.16775854643832278,0.12791521243119316,0.612533688545227,-0.9999188780784607,0.4447751421069043,-0.8720036656472675
0.7601511478424072,0.02141721450892272,-0.6104326881868861,0.05249570682644844,-0.6625452637672424,-1.0960583312579786,0.08802849319933159,-2.2084593772888184,-2.5198752880096436,-0.13363751696536058,0.22408407499553212,0.5206582546234131,-0.9999367594718933,0.3870207376580525,-0.7758526844763611
0.7701578140258789,0.010553639786627747,-0.6093899925919931,0.03212805464863777,-0.6868757009506226,-1.0791696244225637,0.11155321028601506,-1.683547854423523,-2.2106590270996094,-0.09276998390664311,0.3331885459421066,-0.02387821674346924,-0.9984812140464783,-0.11664820065011235,-0.6652926681043716
0.7801573276519775,-0.00017293947958125578,-0.6082010397530945,0.015467486344277859,-0.7103964686393738,-1.0587012686348216,0.1348364343181494,-1.6612913608551025,-2.2094573974609375,-0.06725383104259419,0.439440344211001,0.4717196226119995,-0.9990712404251099,0.4044657915694053,-0.5596308962141089
0.7901489734649658,-0.010611246424033277,-0.6066947065896773,-0.005454099737107754,-0.7344712018966675,-1.0397256514638462,0.15483408262942078,-1.9966577291488647,-2.263927459716797,-0.022175730753779748,0.5494389298200578,0.5504062175750732,-0.9997667074203491,0.5282304868212935,-0.4503277776002913
0.8001570701599121,-0.020967020874268227,-0.6051042637899454,-0.020069383084774017,-0.7518561482429504,-1.0166004504635575,0.17376430584709013,-1.647310495376587,-1.9803165197372437,-0.0038598424948250998,0.6310331031479216,0.330208420753479,-0.9969178438186646,0.32634857825865393,-0.36588474067074295
0.8101577758789062,-0.03095247200501749,-0.603218110339035,-0.03204283490777016,-0.7707324624061584,-0.9955105171721828,0.1902775429998549,-0.9305287003517151,-1.7001458406448364,0.00468856048183646,0.7203117138886306,-0.7281131744384766,-0.9816850423812866,-0.7234246139566402,-0.26137332849265604
0.8201489448547363,-0.04086919890032195,-0.601300290935593,-0.04422933608293533,-0.7882878184318542,-0.9697605104625964,0.20483301660353703,-1.3380087614059448,-1.6530073881149292,0.01444858988523754,0.8040463682339233,0.6880233287811279,-0.9858728051185608,0.7024719186663655,-0.1818264368846375
0.830150842666626,-0.0503404694037529,-0.5991225936009771,-0.05888723209500313,-0.8012839555740356,-0.9465074857752085,0.2178863931575492,-1.8326433897018433,-1.5324441194534302,0.036751079572375986,0.8692938564841518,0.43390965461730957,-0.9983670115470886,0.47066073418968557,-0.12907315506293682
0.8401548862457275,-0.059804970299033706,-0.5969412678461373,-0.07115896046161652,-0.8156861662864685,-0.9180828611388092,0.22809559388915446,-0.7841438055038452,-1.2386136054992676,0.04882215769910608,0.940603063293424,-0.8947969675064087,-0.9545731544494629,-0.8459748098073027,-0.013970091156038866
0.8501505851745605,-0.06870235707739931,-0.5945609081333086,-0.07567562907934189,-0.8254864811897278,-0.8901215254393793,0.23813839630187417,-0.4629494845867157,-0.8058804869651794,0.029985069608353065,0.9929799641426023,-0.5527365207672119,-0.637134313583374,-0.5227514511588589,0.35584565055922823
0.8601555824279785,-0.07760802049462852,-0.5921783341323751,-0.08679687976837158,-0.8321762681007385,-0.8616785142428887,0.24349219231927322,-1.2155418395996094,-0.5696795582771301,0.03951209487709517,1.0319911160639628,0.027135491371154785,-0.9073958396911621,0.06664758624824996,0.12459527637280066
0.8701584339141846,-0.08594281250362715,-0.5896891761536412,-0.0992816612124443,-0.8344772458076477,-0.83061847000798,0.24933858952303112,-1.5072778463363647,-0.15100078284740448,0.057357049447913776,1.0525886995122278,-0.33068180084228516,-0.9521037340164185,-0.2733247513943714,0.10048496549580932
0.8801541328430176,-0.09421922335355123,-0.5871919308400009,-0.11001941561698914,-0.8338806629180908,-0.8005174386862102,0.25104541284647297,-0.795556366443634,0.14945395290851593,0.06794082673278297,1.0607615479357868,-0.7805936932563782,-0.4409191608428955,-0.7126528665235952,0.6198423870928913
0.8901581764221191,-0.10195249634082626,-0.5846683122792132,-0.11832839995622635,-0.8320910930633545,-0.7667892201672881,0.2525347529774642,-0.8684020638465881,0.22295856475830078,0.07041638554622039,1.0639179573718074,-0.706834077835083,-0.18936938047409058,-0.6364176922888626,0.8745485768977168
0.9001450538635254,-0.10954825964563135,-0.5821435379681458,-0.13064272701740265,-0.8273187279701233,-0.7346150138852048,0.2507604552530971,-1.290076732635498,0.5810527801513672,0.09070620969861659,1.0542533170085033,-0.7693312168121338,-0.49528825283050537,-0.6786250071135171,0.558965064177998
0.9101581573486328,-0.11664341919509359,-0.5796532155580898,-0.14278662204742432,-0.8193506598472595,-0.6982118715561292,0.24788750308572105,-1.520754337310791,1.050123691558838,0.11241577226502211,1.0306990104434297,-0.8792018890380859,-0.7369924783706665,-0.7667861167730639,0.2937065320727632
0.9201550483703613,-0.12351981151536227,-0.5771832838635628,-0.15693320333957672,-0.8038831353187561,-0.6638478219285453,0.24262226306242596,-1.1709166765213013,1.604124665260315,0.14367758484412213,0.9748093612573313,-0.9427213668823242,0.3043975830078125,-0.7990437820382021,1.2792069442651437
0.9301490783691406,-0.12991448591245947,-0.5748029476129763,-0.16860836744308472,-0.7858164310455322,-0.624849400687852,0.23539659505122046,-1.1220859289169312,1.8035316467285156,0.1663836905816886,0.9073579787599902,-0.9121835827827454,0.7259806394577026,-0.7457998922010568,1.6333386182176928
0.9401538372039795,-0.13601572069405754,-0.5724756967346037,-0.18454457819461823,-0.7608895301818848,-0.588362686130715,0.22664312188260638,-1.5777757167816162,2.5480597019195557,0.20867408725241093,0.8101794838233084,-0.8558292984962463,0.7226382493972778,-0.6471552112438355,1.5328177332205861
0.9501485824584961,-0.14168187763937173,-0.5702700780423517,-0.19830764830112457,-0.7357921004295349,-0.546725589683895,0.2150632643011825,-1.5589098930358887,3.0504722595214844,0.2434908138455372,0.7117446962648876,-0.7898828983306885,0.8737287521362305,-0.5463920844851513,1.585473448401118
0.9601545333862305,-0.14695016041441838,-0.5681744076258628,-0.21300816535949707,-0.7036640644073486,-0.5080994254979947,0.20281565588526007,-1.3933866024017334,2.927757978439331,0.2840494212638383,0.582605524160389,-0.7400588989257812,0.9360028505325317,-0.45600947766194294,1.5186083746929206
0.9701557159423828,-0.15184766625069807,-0.5662122549598971,-0.2295835167169571,-0.6736239194869995,-0.4637879943987784,0.18687037798308737,-1.584155559539795,2.935011386871338,0.3342641570049138,0.4618701574665402,-0.5625516176223755,0.9079792499542236,-0.2282874606174617,1.3698494074207639
0.9801511764526367,-0.15622465976762814,-0.564437520729917,-0.24739456176757812,-0.6370217800140381,-0.4230860593189236,0.17114994572220965,-1.6867045164108276,3.6646299362182617,0.3920305785997849,0.3121123149217205,-0.368191123008728,0.975374698638916,0.02383945559105688,1.2874870135606364
0.9901585578918457,-0.16031023646828155,-0.562788922422117,-0.25975146889686584,-0.602848470211029,-0.3761157389945451,0.150842084261523,-1.404545545578003,4.224729537963867,0.42759729944291247,0.17225605549232192,-0.5604181289672852,0.9941902160644531,-0.13282082952437269,1.166446271556775
1.0001635551452637,-0.16375178360861212,-0.5614187455627958,-0.27100056409835815,-0.5555511713027954,-0.3332987132489613,0.13163796775920034,-1.0022894144058228,4.491318702697754,0.46116975610590794,-0.025230569318001703,-0.6017000675201416,0.9980337619781494,-0.14053031141423367,0.9728031926601477
1.010148286819458,-0.16697321999858614,-0.5601573000756724,-0.28152528405189514,-0.5097878575325012,-0.28382865017881187,0.10704541252849253,-0.986842691898346,4.3504557609558105,0.4925738754292287,-0.21658860293563623,-0.34238696098327637,0.9981420040130615,0.15018691444595234,0.7815534010774253
1.020197868347168,-0.1694330460020644,-0.5592766745379891,-0.2929447889328003,-0.4609140455722809,-0.23872960892503592,0.08256437020829566,-1.050897240638733,4.743509292602539,0.5311004946021642,-0.42295930455254543,-0.2991999387741089,0.9988970756530762,0.23190055582805535,0.5759377711005307
1.0301434993743896,-0.17174791837349646,-0.5585053606381855,-0.3001033067703247,-0.419283926486969,-0.1866621311643044,0.038908530024468035,-0.7452970743179321,5.04606294631958,0.5519281701063614,-0.5986521668502307,-0.25978416204452515,0.9995527267456055,0.29214400806183627,0.40090055989537476
1.0401570796966553,-0.17315238989017467,-0.5585053606381855,-0.30555739998817444,-0.36619165539741516,-0.13933409709454025,-0.005129390153893354,-0.4829203188419342,5.218612194061279,0.569341543421399,-0.8269489325353122,0.043628573417663574,0.9998023509979248,0.6129701168390626,0.1728534184626126
1.0501682758331299,-0.17453805691958263,-0.5586080510734603,-0.30751746892929077,-0.3136107325553894,-0.084393345681816,-0.3105902673749803,-0.19100719690322876,5.2158522605896,0.571811471641745,-1.053488469627705,0.33702588081359863,0.9998641014099121,0.9088373524553436,-0.05362436821779282
1.060157060623169,-0.17484267373368276,-0.5647037134087943,-0.30798617005348206,-0.26158374547958374,-0.0304958831832991,-0.6102506424417804,0.02571793459355831,5.200965404510498,0.572517034175137,-1.3034158620956056,0.5628819465637207,0.9999001026153564,1.1353989807388576,-0.3035157594802491
1.070157527923584,-0.17514764681625464,-0.5708065050035906,-0.3064948320388794,-0.21087764203548431,0.02209014167937262,-0.5526015587070425,0.17818082869052887,4.988873481750488,0.5647928964572865,-1.5476941107628572,0.6934890747070312,0.9999008178710938,1.2582819711643176,-0.5477932928917635
1.0801498889923096,-0.17440188152590758,-0.5757527157834026,-0.3018077313899994,-0.16298383474349976,0.07947058664498208,-0.4896964411364024,0.6062617301940918,4.684765338897705,0.5478451544155948,-1.7749061884715822,0.7838704586029053,0.9999051094055176,1.3317156130185,-0.7750010790660646
1.0901539325714111,-0.1735584077243645,-0.5805985492235517,-0.2931578457355499,-0.11611266434192657,0.13316670296480915,-0.4348885312669992,0.9809862375259399,4.77418327331543,0.5142775834480973,-1.997289304990988,0.8065198659896851,0.9999532699584961,1.3207974494377823,-0.9973360350324918
1.1001551151275635,-0.17173813102092395,-0.5844530423897722,-0.28212183713912964,-0.06353174149990082,0.19306637790143988,-0.3741973637877152,1.175277590751648,5.319103240966797,0.47464993630828445,-2.239961593826447,0.8012588024139404,0.9999880790710449,1.275908738722225,-1.2399735147554023
1.1101510524749756,-0.16969775221213557,-0.5880815363035545,-0.26814568042755127,-0.012356944382190704,0.24873824898249808,-0.32119927313567587,1.5122803449630737,4.862162113189697,0.4233260913262875,-2.4756157452618646,0.766032338142395,0.9999902248382568,1.1893584294686825,-1.4756255204236077
1.1201469898223877,-0.16676538711545585,-0.5908744180103693,-0.2506755292415619,0.03200022503733635,0.3111388514905613,-0.2627424270095666,1.8546404838562012,4.339638710021973,0.36081361114225596,-2.678360965105134,0.7285480499267578,0.999990701675415,1.0893616610690138,-1.678370263429719
1.13014554977417,-0.16347659399770217,-0.5933348516580489,-0.23226794600486755,0.07495126128196716,0.3688122491559076,-0.21152712516384042,1.8665212392807007,4.405005931854248,0.2958028136308111,-2.873630285642069,0.6439831256866455,0.999995231628418,0.9397859393174566,-1.873635054013651
1.140150547027588,-0.1593873165152875,-0.5951052679767143,-0.2114741951227188,0.1192232146859169,0.4337245181989049,-0.15529556880091988,2.2300915718078613,4.366332054138184,0.22397357801195458,-3.0716124754493137,0.6028361320495605,0.9999978542327881,0.8268097100615152,-2.0716146212165256
1.1501576900482178,-0.1547967307949708,-0.5964425554103777,-0.1885499209165573,0.1597028523683548,0.49351660199091363,-0.10577094694642142,2.3230273723602295,3.94429612159729,0.14513871752282198,-3.2514252534485495,0.4428647756576538,0.9999982118606567,0.5880034931804758,-2.2514270415878928
1.1601641178131104,-0.14951033682707993,-0.5972221621664535,-0.16460302472114563,0.1978389471769333,0.5609680167154556,-0.051744313911012085,2.2522032260894775,3.6357479095458984,0.06489855794448253,-3.418762770176563,0.29835355281829834,0.9999985694885254,0.36325211076278086,-2.4187642006880377
1.1701390743255615,-0.14358986627042183,-0.5974781228122235,-0.14023001492023468,0.23508022725582123,0.6224809972062433,-0.004229274165883368,2.398672580718994,3.6234240531921387,-0.014447360805804763,-3.580000905292592,0.36745595932006836,0.9999991655349731,0.3530085985142636,-2.580001739757619
1.1801586151123047,-0.1370615552321833,-0.5973048091307974,-0.11474914848804474,0.2706596851348877,0.6925133938969896,0.04761860929525241,2.477280616760254,3.249072790145874,-0.09594334899979581,-3.732247325342446,0.3521510362625122,0.9999990463256836,0.25620768726271637,-2.7322482790167624
1.1901452541351318,-0.12973800938212052,-0.5965274483079791,-0.08909782767295837,0.3024894595146179,0.756135202024975,0.0934335017989838,2.445791721343994,2.9427173137664795,-0.1747527813493972,-3.865772703637167,0.4482545852661133,0.9999990463256836,0.2735018039167161,-2.8657736573114834
1.2001569271087646,-0.1219389845310036,-0.5954355151026586,-0.06975281983613968,0.32507285475730896,0.8286106792053252,0.14299930003418027,2.2698469161987305,2.644692897796631,-0.22440050818791485,-3.9581859903978605,0.6274597644805908,0.9999983310699463,0.40305925629267597,-2.958187659327914
1.2101495265960693,-0.1131641465461112,-0.5936681445676861,-0.04563547298312187,0.35029804706573486,0.8943021548961552,0.18707382666635652,2.3460702896118164,2.3212878704071045,-0.2903732963208541,-4.05905462402371,0.7459702491760254,0.9999966621398926,0.45559695285517127,-3.059057961883817
1.2201642990112305,-0.10404563092369082,-0.5916922063886324,-0.020069383084774017,0.3717735707759857,0.9692608662427826,0.23438929226740157,2.551234006881714,1.9217233657836914,-0.3610978657073422,-4.1429028418078575,0.8755455017089844,0.9999940395355225,0.5144476360016421,-3.142908802272335
1.2301647663116455,-0.09376583773599065,-0.5889778470041716,0.008053319528698921,0.388902872800827,1.0368288837664048,0.27660116984469596,2.8017656803131104,1.5692017078399658,-0.4378223762381651,-4.204887095161494,0.927196741104126,0.9999892711639404,0.48937436486596086,-3.2048978239975536
1.2401463985443115,-0.08332794782766856,-0.5861653291509064,0.03864740952849388,0.4005780518054962,1.1141302395924844,0.32158631631513046,2.884345054626465,0.9219421148300171,-0.5244940366314985,-4.242996538112531,0.9814945459365845,0.9999651908874512,0.45700050930508596,-3.24303134722508
1.2501537799835205,-0.07149194505188528,-0.5825476005743794,0.06267952919006348,0.40547820925712585,1.1839693201778676,0.3621714539131453,2.906432867050171,0.4840482473373413,-0.5769373392403796,-4.248510982275472,0.9877293109893799,0.9999339580535889,0.4107919717490003,-3.248577024221883
1.260155439376831,-0.05963787156602744,-0.5789186333543614,0.09425365924835205,0.4079922139644623,1.263883004139708,0.4049854107103954,3.0717616081237793,0.11331606656312943,-0.6617335825018319,-4.2437166434709415,0.9833030700683594,0.9998595714569092,0.3215694875665275,-3.2438570720140323
1.2701528072357178,-0.046216189513650356,-0.5744486479981156,0.12770262360572815,0.4058190882205963,1.3425215758612377,0.4471162229238672,3.234105110168457,-0.33395853638648987,-0.7478508964133276,-4.215151265740461,0.9744131565093994,0.9998910427093506,0.22656226009607183,-3.2152602230311107
1.280148983001709,-0.03279610787170592,-0.5699791956459425,0.1626003533601761,0.39844754338264465,1.417835157871548,0.48419777285558396,3.234055757522583,-0.8570154309272766,-0.8402047832970926,-4.164234977822924,0.9843828678131104,0.9999451637268066,0.14417808451601777,-3.1642898140961178
1.2901673316955566,-0.01783554951704579,-0.564756013593065,0.1891038566827774,0.38898807764053345,1.5003301286110835,0.5248151660924947,3.1109941005706787,-1.1931647062301636,-0.8898394466592398,-4.1010995923044735,0.9934728145599365,0.999974250793457,0.10363336790069677,-3.1011253415110165
1.300142526626587,-0.0027997960794407944,-0.5594865781566192,0.22067798674106598,0.37560850381851196,1.5738516891356826,0.5594153559749095,2.9804461002349854,-1.3557226657867432,-0.9609544661281791,-4.020908852493064,0.9972782135009766,0.9999816417694092,0.03632374737279742,-3.020927210723655
1.3101568222045898,0.013630157397560556,-0.553571144000534,0.250292032957077,0.3592888116836548,1.6559023708592093,0.5978421452456111,2.913975954055786,-1.7305384874343872,-1.017646064905921,-3.9252978094420117,0.9983322620391846,0.9999945163726807,-0.01931380286673634,-2.925303293069331
1.3200781345367432,0.030208801051398657,-0.5475695537796387,0.27918171882629395,0.339304655790329,1.7197429884843207,0.6303675579916863,2.720452070236206,-2.0034563541412354,-1.0705835464320497,-3.8135591011508607,0.9990799427032471,0.9999990463256836,-0.0715036037288026,-2.813560054825177
1.330077886581421,0.047896943107570034,-0.5410095431576183,0.30560001730918884,0.3182552456855774,1.7890542779948755,0.666564562689409,2.5309054851531982,-2.189802408218384,-1.1081232190669608,-3.694838592025741,0.9997315406799316,0.9999995231628418,-0.10839167838702912,-2.6948390688628994
1.3400774002075195,0.06598856322626735,-0.5342387570329415,0.3301434814929962,0.29511791467666626,1.8416675450495692,0.6976895489009003,2.325979709625244,-2.3737266063690186,-1.1358661485469341,-3.5662336883513133,0.999962568283081,0.9999992847442627,-0.13590358026385307,-2.5662344036070506
1.350078821182251,0.08473213890745761,-0.5270550216120284,0.3524285852909088,0.2684439718723297,1.8950161967457673,0.7315542060322286,2.1549248695373535,-2.637742042541504,-1.1510947194488401,-3.42064567198274,0.9999926090240479,0.9999988079071045,-0.15110211042479227,-2.4206468640756356
1.3600761890411377,0.10388642239329327,-0.5196086665972152,0.370963990688324,0.2402360588312149,1.9350551713486377,0.7609299922357877,1.6907235383987427,-2.7526865005493164,-1.148433543668632,-3.267332319342249,0.9999992847442627,0.9999969005584717,-0.14843425892436923,-2.2673354187837775
1.370140552520752,0.12355526671596558,-0.5117872842628,0.38442879915237427,0.21530909836292267,1.972809271274298,0.7927135679673718,1.555941104888916,-2.9968478679656982,-1.1217561894765573,-3.1265144452906073,0.9999994039535522,0.9999744892120361,-0.12175678552300506,-2.126539956078571
1.380068063735962,0.1433215481010291,-0.5037650708552064,0.39772316813468933,0.1826271116733551,1.9998950108575677,0.8199945826251884,1.2343723773956299,-3.3500282764434814,-1.093926966144739,-2.951486384872814,0.9999996423721313,0.9991364479064941,-0.09392732377260771,-1.95234993696632
1.3900716304779053,0.1634166789664499,-0.49544208887851166,0.41063404083251953,0.1421048641204834,2.021670873829552,0.8493668385379962,1.0992733240127563,-3.4910948276519775,-1.0630346560240993,-2.7414518978956783,0.9999994039535522,0.9897732734680176,-0.06303525207054705,-1.7516786244276608
1.4001452922821045,0.18391290744923136,-0.48670969573244555,0.4209457039833069,0.10699409991502762,2.036540194523134,0.8754592840651725,1.0153355598449707,-3.748546838760376,-1.0192410250965247,-2.552926321284134,0.9999983310699463,0.8102483749389648,-0.01924269402657841,-1.7426779463451694
1.4101691246032715,0.20434584419733579,-0.47784840654139793,0.42959555983543396,0.06740926206111908,2.042554285113445,0.9026287874077603,0.7953574657440186,-4.113373756408691,-0.9685737772438221,-2.344607974990823,0.9999961853027344,-0.3859732151031494,0.03142240805891228,-2.7305811900939725
1.4201502799987793,0.2247738300371088,-0.4686542027001647,0.4358592629432678,0.02637568488717079,2.044560059091758,0.926501358589956,0.6287511587142944,-4.290480136871338,-0.9076673614964837,-2.1286285166255428,0.999993085861206,-0.7209739089012146,0.0923257243647223,-2.8496024255267574
1.4301459789276123,0.24518966166272077,-0.4593396682832279,0.4421655833721161,-0.01597880758345127,2.0347931173910094,0.951415955340611,0.6864017844200134,-4.476373195648193,-0.8469964633503998,-1.9064517010090396,0.9999852180480957,-0.9329437017440796,0.1529887546976959,-2.8393954027531194
1.4401459693908691,0.26546085535603603,-0.4496298168388931,0.4480457603931427,-0.06144384294748306,2.0242137396928257,0.9735674644162344,0.5153943300247192,-4.733514785766602,-0.7851150916595586,-1.669199687733063,0.9999754428863525,-0.9936155080795288,0.21486035122679392,-2.662815195812592
1.450136661529541,0.285655130097171,-0.43987743809347807,0.4532015919685364,-0.1185840591788292,1.9986844326030422,0.9962329072426108,0.3467094600200653,-4.960085868835449,-0.7204497860468712,-1.3815615293329901,0.9999384880065918,-0.9985861778259277,0.27948870195972064,-2.380147707158918
1.460139274597168,0.3054206234974651,-0.4297113490838559,0.45584338903427124,-0.16707441210746765,1.9754246920113019,1.0166442589361644,0.24878036975860596,-4.994712829589844,-0.6468178918082662,-1.1293388289984694,0.9998773336410522,-0.9988572597503662,0.35305944183278604,-2.128196088748836
1.4701473712921143,0.3251847735936504,-0.4195336615947808,0.45665299892425537,-0.21509604156017303,1.9340712419616537,1.037102539146833,-0.01681574247777462,-5.094484329223633,-0.5653133689216014,-0.8790817661488133,0.9996727705001831,-0.9989591836929321,0.43435940157858166,-1.8780409498417454
1.4801397323608398,0.34410421496668053,-0.40896945742604107,0.4562695324420929,-0.2659299671649933,1.8933904852822891,1.057228026097242,-0.06214556097984314,-5.2465410232543945,-0.4823108651442731,-0.6150698081225054,0.9989778995513916,-0.9989021420478821,0.5166670344071185,-1.6139719501703875
1.490154504776001,0.36306608976981414,-0.39838155935374714,0.4561416804790497,-0.31672126054763794,1.8410476381101724,1.0739177885123325,-0.017275989055633545,-5.291635036468506,-0.4002250400497128,-0.35113928486626955,0.9965198040008545,-0.9993622899055481,0.5962947639511417,-1.3505015747718176
1.500138759613037,0.38092656674007813,-0.38749316341715784,0.455587774515152,-0.37556588649749756,1.7840326761868361,1.0920972766375527,-0.05756815895438194,-5.347936153411865,-0.3210431934328175,-0.051287290754539194,0.9912211894989014,-0.9997835755348206,0.6701779960660839,-1.0510708662893598
1.5101380348205566,0.39871721510033464,-0.3765575542993953,0.4546077251434326,-0.43198174238204956,1.7198980738070198,1.106634140600665,-0.045352205634117126,-5.364830493927002,-0.24032919318532128,0.2383240087554133,0.9831879138946533,-0.999910295009613,0.742858720709332,-0.7615862862541998
1.5201432704925537,0.4153315793985064,-0.36535533376559515,0.4544372856616974,-0.4790659248828888,1.6470023724831009,1.1226083806901919,0.047133877873420715,-5.290614128112793,-0.16815453693172125,0.4889555418043627,0.9602493047714233,-0.9999334216117859,0.7920947678397021,-0.5109778798074232
1.5301446914672852,0.4316683295332044,-0.3540979365524821,0.4543094336986542,-0.5330955982208252,1.5724947025226648,1.1353929856393172,-0.019702091813087463,-4.977012634277344,-0.09735674791143409,0.7696899451738752,0.9319696426391602,-0.9999167919158936,0.834612894727726,-0.23022684674201832
1.5401413440704346,0.44677902526917884,-0.3426497548626895,0.4543094336986542,-0.5861026644706726,1.4872401445181787,1.1491197328241114,-0.012259820476174355,-4.899216651916504,-0.03238075624674393,1.0468475113143274,0.9153769016265869,-0.9998964667320251,0.882996145379843,0.04695104458230226
1.5501606464385986,0.4614357576657661,-0.33109703002905055,0.45435208082199097,-0.6281588673591614,1.4108828830955957,1.1601347821534453,-0.020723596215248108,-4.694362163543701,0.03045981042823312,1.2773659005194764,0.8916661739349365,-0.9998670220375061,0.9221259843631696,0.2774988784819703
1.5601389408111572,0.4749975455928023,-0.3194504274600735,0.4546077251434326,-0.6757118105888367,1.3267382296223076,1.1716116156790246,-0.008303024806082249,-4.272385120391846,0.08767622793228952,1.5319239474536814,0.8568058013916016,-0.9997756481170654,0.9444820293238911,0.532148299336616
1.5701439380645752,0.4879466224583504,-0.30768413718399035,0.45477816462516785,-0.717725396156311,1.2531228658209095,1.1808073642181611,0.019182629883289337,-3.791961193084717,0.14262436868268502,1.7631774135809788,0.7895141839981079,-0.9996262788772583,0.9321385526807929,0.7635511347037205
1.5801489353179932,0.5000725272542692,-0.2958224785884367,0.4551616311073303,-0.7477656006813049,1.173170535369156,1.1900702142033026,0.09032560884952545,-3.262692451477051,0.19311685343183718,1.9433554249993334,0.6764264106750488,-0.9993924498558044,0.869543264106886,0.943962975143529
1.5901455879211426,0.5114126162419671,-0.28388084447217765,0.455587774515152,-0.7766126394271851,1.1033268319727654,1.1974503616131855,0.04953781142830849,-2.5293593406677246,0.240046819425305,2.118746718306532,0.48193931579589844,-0.9989394545555115,0.7219861352212035,1.1198072637510204
1.6000547409057617,0.5220405486716945,-0.2719867675152095,0.455672949552536,-0.7971933484077454,1.0280869580630316,1.204443638328982,0.017300231382250786,-2.366342782974243,0.2853806762123814,2.258388297837904,0.30066657066345215,-0.9987921714782715,0.5860472468758335,1.2595961263596327
1.6100540161132812,0.5318721633296298,-0.2599015167271009,0.4555451571941376,-0.8266369700431824,0.9610554595783825,1.2101037557605299,-0.012859047390520573,-2.7056195735931396,0.3282061263826167,2.4369624492591506,0.22583913803100586,-0.9991701245307922,0.5540452644136226,1.4377923247283584
1.6201670169830322,0.5413644884657169,-0.24764848562100525,0.45528948307037354,-0.8496038317680359,0.889390387764589,1.2149221208355225,-0.003567068837583065,-1.8529996871948242,0.3701225231999766,2.5884079884322317,-0.24161756038665771,-0.998462975025177,0.1285049628133189,1.5899450134070547
1.6301488876342773,0.5497571777308667,-0.23548867534063544,0.45533207058906555,-0.8600859642028809,0.8264568700863784,1.2187367544512249,0.00013224176655057818,-1.0570642948150635,0.4060279607097451,2.685768342107655,-0.2874331474304199,-0.9964256286621094,0.1185948132793252,1.6893427134455457
1.6401448249816895,0.5578748815208475,-0.2233007813334404,0.45490598678588867,-0.8683523535728455,0.7596177621215112,1.2212880464840552,-0.045397888869047165,-0.8480263352394104,0.44276624736032305,2.7737217606294413,-0.3005756139755249,-0.996227502822876,0.14219063338479815,1.7774942578065653
1.6501531600952148,0.5649514762708681,-0.21105764680196887,0.45426684617996216,-0.876107394695282,0.6999361558469417,1.223329876821099,-0.11477319896221161,-0.5918323397636414,0.47594390939089537,2.859713915941246,-0.3364555835723877,-0.9963059425354004,0.13948832581850767,1.8634079734058457
1.6601383686065674,0.5718694151750555,-0.19884208373923962,0.45367032289505005,-0.8764908313751221,0.6375057573737273,1.2236453815764605,-0.05297492444515228,0.1312400847673416,0.5082560968040235,2.9138896148342943,-0.2354971170425415,-0.9964263439178467,0.272758979761482,1.9174632709164476
1.6701469421386719,0.5776950396362949,-0.18659233466627637,0.453457236289978,-0.872229814529419,0.581268475593486,1.2238983748338192,0.0134584354236722,0.4718948006629944,0.5342225543891624,2.948241163411513,0.11855089664459229,-0.9965534806251526,0.6527734510337547,1.9516876827863605
1.6801364421844482,0.5834936952140064,-0.17436647295100965,0.4539259374141693,-0.8654548525810242,0.5231849207274912,1.2219112513631263,0.13437964022159576,0.7329246401786804,0.5571413585392995,2.971680032409062,0.23489749431610107,-0.9960009455680847,0.7920388528554005,1.9756790868409775
1.6901471614837646,0.5881564189189284,-0.16215392488571687,0.45541733503341675,-0.8565493226051331,0.4657730943710021,1.2199471087084364,0.20285220444202423,1.139248251914978,0.5707780607077003,2.9859002101934893,0.4305136203765869,-0.9955416321754456,1.0012916810842873,1.9903585780180437
1.7001147270202637,0.5927990427622094,-0.14999402212860305,0.4575052261352539,-0.8412948250770569,0.4168824396154811,1.2157934386806222,0.25593680143356323,1.4944175481796265,0.5817634114959086,2.9725934526783515,0.4371539354324341,-0.9911794066429138,1.0189173469283426,1.9814140460354377
1.7101426124572754,0.5964862552964131,-0.13784408940281476,0.46074360609054565,-0.8256568908691406,0.36294245820321436,1.2112107861223151,0.504463791847229,1.7689273357391357,0.5836933915852299,2.957595046305201,0.35550689697265625,-0.9852614402770996,0.9392002885578862,1.9723336060281014
1.720149040222168,0.6000705494221988,-0.1257282285732519,0.4645358920097351,-0.8039257526397705,0.31790573361810104,1.2049230849928758,0.3065794110298157,2.1993706226348877,0.582799026873594,2.91624935348603,0.3660581111907959,-0.9599989652633667,0.9488571380643899,1.9562503882226632
1.7301483154296875,0.6028467591726376,-0.11373867190834812,0.46900996565818787,-0.7770813703536987,0.26849060589680107,1.1977061739632955,0.4659009575843811,2.7690742015838623,0.575498212112134,2.8523736033150078,0.1175832748413086,-0.5921101570129395,0.6930814869534426,2.2602634463020683
1.7401459217071533,0.6054395547886636,-0.10177783569833453,0.4745918810367584,-0.7463594079017639,0.22713656681668226,1.1893187319380472,0.49121055006980896,3.029249906539917,0.5626449971331924,2.7717007604747463,0.14578354358673096,0.35544753074645996,0.7084285407199233,3.1271482912212063
1.7501401901245117,0.6073878599112233,-0.08996191378280874,0.4785972535610199,-0.7164044976234436,0.18207413780606885,1.1794523608226153,0.4502035975456238,3.45818829536438,0.5537996073058749,2.69370311051473,-0.2212865948677063,0.9267746210098267,0.33251301243816855,3.6204777315245567
1.760138750076294,0.6090796213047164,-0.07819727126646206,0.48128166794776917,-0.6749874353408813,0.1442077807498201,1.1689494430647813,0.20609726011753082,4.113895893096924,0.5495311994348729,2.566197705520003,-0.580619215965271,0.9705779552459717,-0.031088016530398055,3.536775660765975
1.7701456546783447,0.6102723862722566,-0.06657666543261824,0.4825173616409302,-0.6365530490875244,0.10347655481885099,1.1564262423649834,0.05049317330121994,4.461415767669678,0.5493466059147034,2.450898449716097,-0.6767086982727051,0.9686417579650879,-0.12736209235800167,3.4195402076811847
1.780141830444336,0.6111498082302,-0.05506508056129361,0.4813242554664612,-0.5857617855072021,0.06908347885813626,1.1438006224718857,-0.09562098979949951,4.996185779571533,0.5582498768840771,2.2819958312674067,-0.5185528993606567,0.9782297611236572,0.039696977523420385,3.260225592391064
1.7901456356048584,0.611653769201286,-0.04370079383690581,0.4785972535610199,-0.5280675888061523,0.03271922590476706,1.1286297636056768,-0.43958204984664917,5.581132888793945,0.5721430172531442,2.08277721836776,0.15204894542694092,0.9751367568969727,0.7241919626800851,3.0579139752647326
1.8001461029052734,0.6118044503981225,-0.03248761409315243,0.4739527404308319,-0.47578495740890503,0.0018070301690968904,1.113881969342735,-0.49839481711387634,5.938963413238525,0.5927623528593494,1.9061785762577361,0.7106378078460693,0.9829100370407104,1.3034001607054186,2.889088613298447
1.8101413249969482,0.6116900410857679,-0.021427878521659123,0.47165176272392273,-0.4098244607448578,-0.030184798710003236,1.0960683746290898,-0.05154469981789589,6.2206878662109375,0.602164596955934,1.6701053035597542,0.8336565494537354,0.9923888444900513,1.4358211464096695,2.6624941480498054
1.8201372623443604,0.6112009944680209,-0.01057595138609072,0.4707995653152466,-0.3495310842990875,-0.05750960288464668,1.0792767213335097,-0.05707215517759323,6.492762088775635,0.6037261453569295,1.4575070715258862,0.9176174402236938,0.9928544759750366,1.5213435855806234,2.450361547500923
1.830080509185791,0.6105442488396058,9.268696222179598e-05,0.47139614820480347,-0.2756024897098541,-0.08501968146701344,1.0589061264493718,0.15570597350597382,6.760534763336182,0.59833683272965,1.1854892596899265,0.9470245838165283,0.9950542449951172,1.5453614165461782,2.1805435046850437
1.8401339054107666,0.6094966839698182,0.01059550477568715,0.4742509722709656,-0.21292293071746826,-0.10922053485623096,1.039718644124554,0.47560837864875793,6.804996967315674,0.5815565603050661,0.9611292726205682,0.9495501518249512,0.997265100479126,1.5311067121300173,1.9583943730996942
1.850158929824829,0.6083515574741453,0.020968877702543093,0.4814521074295044,-0.13669337332248688,-0.13253352360097637,1.0165710700214814,0.7069411873817444,6.882664680480957,0.5456676351919557,0.6779476794076289,0.9156169891357422,0.9991488456726074,1.461284624327698,1.6770965250802363
1.8601396083831787,0.6068468777259595,0.030934332221100848,0.4873323142528534,-0.07081807404756546,-0.15292987261126,0.9955191133510284,0.5579268336296082,7.032171726226807,0.5139126229343561,0.4375353469552651,0.8456122875213623,0.9997164011001587,1.3595249104557183,1.4372517480554237
1.870150089263916,0.6052941824362242,0.040870282595547584,0.493169903755188,-0.004218405112624168,-0.17186407760990718,0.96973800291913,0.6772902607917786,7.163701057434082,0.48213439832845584,0.19388135714513852,0.7412950992584229,0.999915599822998,1.2234294975868787,1.1937969569681366
1.8801491260528564,0.6034083437489185,0.05033884386091414,0.5040781497955322,0.07443993538618088,-0.18880899221072767,0.9465435624314953,1.080546498298645,7.236547470092773,0.42711983399956094,-0.10363469355864696,0.6179097890853882,0.9999847412109375,1.0450296230849492,0.8963500476522905
1.8901419639587402,0.6015195392877021,0.05979346789322836,0.5134097337722778,0.13942041993141174,-0.2033579160963619,0.9181584873624447,0.9931554198265076,7.37951135635376,0.37887216371632426,-0.3423958937641885,0.6399468183517456,0.9999902248382568,1.01881898206807,0.6575943310740684
1.9001545906066895,0.5993395059806407,0.06870592239875581,0.5222300291061401,0.21812137961387634,-0.217728412704556,0.8901215254393708,0.7851390838623047,7.309896469116211,0.3315707505603523,-0.6424864660250182,0.6492400169372559,0.9999936819076538,0.9808107674976081,0.35750721588263557
1.9101507663726807,0.5971630544979957,0.07760373362013998,0.5340330600738525,0.2953309714794159,-0.2270666120988345,0.8616977288780259,1.2240309715270996,7.207579135894775,0.27145897602381547,-0.9362271227948864,0.6826245784759521,0.9999966621398926,0.9540835544997677,0.06376953934500618
1.9201464653015137,0.594800027629571,0.08593290252569813,0.5454525351524353,0.3589053153991699,-0.2372708644767556,0.8306378230649316,1.2485796213150024,7.134669780731201,0.2121942176516833,-1.1737813753559287,0.6691120862960815,0.9999979734420776,0.8813063039477649,-0.1737834019138511
1.9301540851593018,0.5924168290858385,0.09421918387156732,0.5558494329452515,0.43377137184143066,-0.2429078638720199,0.8004974510350991,0.9555844068527222,6.997107028961182,0.15723980340452418,-1.4600744082704125,0.680498480796814,0.9999985694885254,0.8377382842013381,-0.46007583878188707
1.9401531219482422,0.5899403352385207,0.10194865203739645,0.5666724443435669,0.5056546926498413,-0.2487528321922099,0.7667965751763957,1.1581941843032837,6.6260528564453125,0.10005193084830154,-1.7359359746335128,0.7103617191314697,0.9999988079071045,0.8104136499797713,-0.7359371667264083
1.950148105621338,0.5874432686186416,0.10955058073449436,0.5782197713851929,0.5616443753242493,-0.2508958969194772,0.734587187565932,1.3053125143051147,6.103124618530273,0.03966103810382954,-1.944003316735946,0.7317217588424683,0.9999988079071045,0.7713827969462979,-0.9440045088288416
1.9601376056671143,0.584926321936384,0.11662928265757841,0.5881479382514954,0.6230456233024597,-0.2523838430779577,0.6982424467953692,0.7569095492362976,5.587951183319092,-0.013852950154978626,-2.1775902647729892,0.7363590002059937,0.9999983310699463,0.722506050051015,-1.177591933703043
1.9701440334320068,0.5823966051240391,0.12351223485604446,0.5962439179420471,0.684532105922699,-0.2510456423559262,0.6638791799411479,0.8951592445373535,5.908362865447998,-0.059543445117434375,-2.4123854455866143,0.8081201314926147,0.9999995231628418,0.7485766863751804,-1.4123859224237725
1.9801387786865234,0.5799050734267808,0.12990820482334375,0.6058311462402344,0.7375391125679016,-0.24817765328314323,0.624891161022286,1.1361805200576782,5.816335201263428,-0.1114821130978505,-2.6128129033015988,0.8748583793640137,0.9999997615814209,0.7633762662661632,-1.6128131417201779
1.9901440143585205,0.5774330800196539,0.13600973039610462,0.6151201725006104,0.7927618622779846,-0.24335157454146383,0.5884013189506945,0.6537769436836243,4.867082595825195,-0.16205449766811283,-2.824034167092084,0.9371894598007202,0.9999991655349731,0.7751349621326074,-1.8240350015571107
2.00014066696167,0.5750375186178891,0.14167771001193824,0.6181880831718445,0.8311962485313416,-0.23611432725559567,0.5466876874029003,0.2539428770542145,4.131786823272705,-0.18554742758200815,-2.9649297156334344,0.9856321811676025,0.9999964237213135,0.8000847535855944,-1.964933291912121
2.0100746154785156,0.5727267392384768,0.1469080824410531,0.6231734752655029,0.8754681944847107,-0.2278820664046819,0.5084170866245703,0.5882407426834106,4.129584789276123,-0.2169209649162122,-3.1328084817877273,0.9838167428970337,0.9999988079071045,0.7668957779808214,-2.132809673880623
2.0201358795166016,0.5704821809810277,0.1518389799168414,0.6292667388916016,0.9186749458312988,-0.2162473465586494,0.463922332531558,0.4442872703075409,3.8184590339660645,-0.2527735990154678,-3.2973946534321668,0.9932065010070801,0.9999979734420776,0.7404329019916123,-2.297396679990089
2.0301430225372314,0.5683862608897369,0.1562210891832784,0.6297780871391296,0.9477776288986206,-0.2044343587070081,0.42314880768615915,-0.03290252014994621,3.1073861122131348,-0.2639848528723889,-3.4036931207759715,0.9998466968536377,0.9999828338623047,0.7358618439812488,-2.403710286913667
2.0401370525360107,0.5663931227462549,0.16030283899539868,0.6300337314605713,0.9743664264678955,-0.1884586298719384,0.3760982635937138,0.09123987704515457,2.3478143215179443,-0.2736546174715606,-3.5004734261317365,0.9999760389328003,0.9999700784683228,0.7263214214612397,-2.5005033476634138
2.050067663192749,0.5646299028686876,0.16371879842464873,0.6331016421318054,0.9983558654785156,-0.17326862402827103,0.33351186022207013,0.2841573655605316,2.236100912094116,-0.29442847883140644,-3.588939388331627,0.9999712705612183,0.9999778270721436,0.7055427917298118,-2.5889615612594836
2.0601418018341064,0.5629281664005612,0.16697163267521792,0.634039044380188,1.014803409576416,-0.15287622027853942,0.2836850042885679,0.04787155240774155,1.702152967453003,-0.30577677531239517,-3.6456766406751515,0.9999985694885254,0.9999535083770752,0.6942217941761302,-2.6457231322980763
2.0701417922973633,0.561558675217392,0.16941932032352727,0.6342947483062744,1.0266491174697876,-0.13413500517212285,0.23880557219024112,0.09033068269491196,0.8997602462768555,-0.3127651142821944,-3.6860881277289193,1.0,0.9999122619628906,0.6872348857178057,-2.6861758657660286
2.080141067504883,0.560245560770709,0.17174757728755666,0.6361269950866699,1.0306543111801147,-0.10947868792117532,0.18655845425280937,0.19762085378170013,0.20382905006408691,-0.32629016755863205,-3.693298955738,1.0,0.9998210668563843,0.673709832441368,-2.6934778888816155
2.090144157409668,0.5593690092046955,0.17315057745312218,0.6390671133995056,1.0302282571792603,-0.08267070004124122,0.1706974256419933,0.30247384309768677,-0.1124863252043724,-0.34270184803768367,-3.6854340228223936,1.0,0.9997169971466064,0.6572981519623163,-2.685717025675787
2.100142002105713,0.5585920175144248,0.17516136608193048,0.6399192810058594,1.026052474975586,0.2661976505341741,0.058433384661318755,0.04053168371319771,-0.5726701617240906,-0.34970723301316875,-3.6588317682427185,1.0,0.9998984336853027,0.6502927669868312,-2.6589333345574158
2.1101438999176025,0.5646956820797675,0.17431807319707507,0.6409845352172852,1.0144199132919312,0.6102506424417804,-0.08431328740961241,0.1745290458202362,-1.3213589191436768,-0.3280420684913259,-3.612437912407881,1.0,0.9998176097869873,0.6719579315086741,-2.612620302620894
2.120138168334961,0.570794690802196,0.17347542357155352,0.6441802978515625,0.9982706904411316,0.5527647287482083,-0.13903338624870898,0.36723247170448303,-1.956457257270813,-0.3155581103122758,-3.5466196475391856,1.0,0.9999077320098877,0.6844418896877242,-2.546711915529298
2.130140542984009,0.5757481886940115,0.1715369846905699,0.6450751423835754,0.97479248046875,0.4898142243966426,-0.1989551583623168,-0.07240184396505356,-2.2356934547424316,-0.2981059008651251,-3.4539986318461744,1.0,0.9995580911636353,0.7018940991348749,-2.454440540682539
2.1401591300964355,0.5806010668395907,0.16949198259344408,0.6456716656684875,0.9484167695045471,0.4347922198024712,-0.25511140122757503,0.11877936124801636,-2.6619372367858887,-0.27980357496425656,-3.349376583717743,1.0,0.9994637966156006,0.7201964250357434,-2.3499127871021424
2.150139093399048,0.584447226552559,0.1664390577809563,0.6466943025588989,0.9217001795768738,0.3742029344122315,-0.31740533227219814,0.11160413175821304,-3.193077325820923,-0.2676624268272617,-3.247622823722445,1.0,0.9919273853302002,0.7323375731727383,-2.255695438392245
2.16013765335083,0.588076672463504,0.16315026466320265,0.6484838724136353,0.8804535865783691,0.321250208707486,-0.3752744540659574,0.1408056765794754,-3.829561471939087,-0.25975095978556423,-3.084404284235216,0.9999992847442627,0.9201244115829468,0.7402483249586984,-2.164279872652269
2.170079231262207,0.5908577440651022,0.15896130036089284,0.647972583770752,0.842999279499054,0.2629534154026132,-0.4399964450914009,-0.042464159429073334,-4.1017069816589355,-0.2455938107342941,-2.9413633102940926,0.9999943971633911,0.772437572479248,0.754400586429097,-2.1689257378148445
2.180072069168091,0.593316769638586,0.15437727683873254,0.6484413146972656,0.8024770021438599,0.2119208576859144,-0.4996803204737814,0.09623393416404724,-4.430878639221191,-0.23703554375232222,-2.7868288188120474,0.9998873472213745,0.5082268714904785,0.7628518034690523,-2.278601947321569
2.190136671066284,0.5951034136863695,0.14893309391950324,0.648270845413208,0.7493847608566284,0.1555136802987036,-0.5673026947270419,-0.04078416898846626,-5.039508819580078,-0.2286199564254054,-2.581942167829638,0.9994456768035889,-0.6395034790039062,0.7708257203781834,-3.221445646833544
2.2001447677612305,0.5964408285626683,0.1429929535553167,0.6483134627342224,0.7006813883781433,0.10585227511391082,-0.6295036914994352,0.0072930040769279,-5.381004333496094,-0.2230523269376825,-2.398060269738154,0.9988992214202881,-0.8829715847969055,0.7758468944826056,-3.2810318545350596
2.2101407051086426,0.5972215613888013,0.13634135486240642,0.6481429934501648,0.638896644115448,0.05187547590248087,-0.6993916163093203,0.006110214162617922,-5.690563201904297,-0.21896215786386286,-2.1609877437880787,0.9969339370727539,-0.9253498315811157,0.777971779208891,-3.0863375753691944
2.2201311588287354,0.5974779196979866,0.12901501156364603,0.6481004357337952,0.5844408869743347,0.0043878593020174605,-0.7630950249845929,0.007406862918287516,-6.030041217803955,-0.2176768189539769,-1.9583312642659612,0.9892208576202393,-0.9584909677505493,0.7715440386662624,-2.9168222320165107
2.2300827503204346,0.5973107144525875,0.12112598800338578,0.6482282876968384,0.5149437189102173,-0.047147939767103964,-0.8351947011856176,0.060204897075891495,-6.403902053833008,-0.2189455649502786,-1.6934162428993753,0.9071507453918457,-0.9888374209403992,0.6882051804415671,-2.6822536638397745
2.240147829055786,0.5965272478759385,0.11228750355095642,0.6481004357337952,0.4537981152534485,-0.09347487245140229,-0.9017841186232411,-0.03095623478293419,-6.777310371398926,-0.22176470778878377,-1.468495630320716,0.8071697950363159,-0.9960697293281555,0.5854050872475322,-2.4645653596488715
2.2501471042633057,0.5954372524491475,0.10303537465949628,0.6480578184127808,0.37778162956237793,-0.14295793168521342,-0.9766362310659158,-0.020264938473701477,-6.998354434967041,-0.22626843364362315,-1.181408896082391,0.7099521160125732,-0.9985449910163879,0.4836836823689501,-2.1799538870987787
2.26013445854187,0.5936708096234652,0.09276906075717756,0.647972583770752,0.31331244111061096,-0.1869726378561083,-1.0444736201286915,0.00385041325353086,-7.218010902404785,-0.23349762883333308,-0.9483365355197636,0.4413832426071167,-0.999541699886322,0.20788561377378362,-1.9478782354060855
2.2701406478881836,0.5916986258534301,0.08215202203075817,0.647290825843811,0.23150096833705902,-0.23425672204301762,-1.1218821309030735,-0.0849761962890625,-7.585631370544434,-0.23904645995863785,-0.6422004691170936,0.2584095001220703,-0.9999063014984131,0.01936304016343246,-1.6421067706155066
2.280148506164551,0.58898226038622,0.07031545528667177,0.6453307867050171,0.16179075837135315,-0.2766355708764259,-1.1919731804044056,-0.3310853838920593,-7.744467735290527,-0.24229866317082732,-0.39334380326412993,0.6077618598937988,-0.999963641166687,0.3654631967229715,-1.3933074444308169
2.29015851020813,0.5861609507115942,0.05829122733289181,0.6417515277862549,0.0757608562707901,-0.32191032971093136,-1.2722843232644707,-0.2594505548477173,-7.870021820068359,-0.23903948142104076,-0.07511940443296264,-0.16853153705596924,-0.9999809861183167,-0.40757101847701,-1.0751003905512793
2.3000521659851074,0.5825843346459312,0.04500878098815536,0.641282856464386,0.002684439765289426,-0.3617180022297468,-1.342929635560327,-0.12465090304613113,-8.057720184326172,-0.25240364381935565,0.18199466725832353,-0.5547932386398315,-0.9999809265136719,-0.8071968824591872,-0.8179862592553484
2.3100497722625732,0.5789658788353758,0.03157857674958647,0.6327182054519653,-0.08743603527545929,-0.4045186345517351,-1.4253173628771676,-1.0541465282440186,-8.284530639648438,-0.23113500445133517,0.5117628317076968,0.6980957984924316,-0.9999905824661255,0.46696079404109647,-0.4882277507584287
2.320050001144409,0.5744946142693551,0.01650508928126964,0.6208299398422241,-0.16255773603916168,-0.4471162229238672,-1.5073142471464611,-1.2955793142318726,-8.170622825622559,-0.19924189996333674,0.7699701488778546,0.6735137701034546,-0.9999940991401672,0.47427187014011785,-0.2300239502623126
2.330050468444824,0.5700232431025198,0.0014312424412317414,0.6129470467567444,-0.2513146698474884,-0.48383343949646473,-1.5813929086498502,-0.45383280515670776,-8.01972484588623,-0.18457235571316555,1.0868074228414966,-0.9284970760345459,-0.9999901652336121,-1.1130694317477114,0.0868172576078845
2.34005069732666,0.5648176261510973,-0.015123834506364817,0.6098365187644958,-0.32328322529792786,-0.5244020145562054,-1.6632418618128284,-0.52043616771698,-7.91021728515625,-0.19358123823761367,1.3250853804037208,-0.3715585470199585,-0.9999820590019226,-0.5651397852575721,0.3251033214017982
2.3500499725341797,0.5595354702151394,-0.03183275515236425,0.5913010835647583,-0.4080348312854767,-0.559110370799992,-1.7266513101190093,-2.083359479904175,-7.619454383850098,-0.13659213740336132,1.6176689273723832,0.8823115825653076,-0.9999932050704956,0.7457194451619463,0.6176757223018876
2.3600499629974365,0.5536357851640407,-0.04965567237206144,0.5707630515098572,-0.47480496764183044,-0.5974439390335746,-1.7957715547107045,-2.1237456798553467,-7.158597946166992,-0.07364724528701101,1.8281419696600067,0.8600544929504395,-0.999991774559021,0.7864072476634284,0.8281501951009858
2.3700501918792725,0.5475864568237327,-0.06774858656720786,0.5595991611480713,-0.5382088422775269,-0.6303675038467773,-1.8468565839828681,-0.9035646319389343,-6.734523296356201,-0.05165462859465572,2.0229790995543717,-0.6474539637565613,-0.9999858140945435,-0.699108592351217,1.0229932854598283
2.380051851272583,0.5410271719658206,-0.08659639902607483,0.5496709942817688,-0.6136714220046997,-0.6664672522666315,-1.9002030317681458,-1.3401049375534058,-6.636699199676514,-0.03716843595857717,2.2664225988080866,0.3728206157684326,-0.9999831318855286,0.33565217980985546,1.266439466922558
2.3900504112243652,0.5342570315850341,-0.10575296648160985,0.5267893075942993,-0.6753709316253662,-0.6975967615209377,-1.938658909865068,-2.657212972640991,-6.706173419952393,0.03211121316015968,2.4493572501181524,0.9188170433044434,-0.9999919533729553,0.950928256464603,1.449365296745197
2.400050401687622,0.5270761893483101,-0.12536683199758097,0.5028850436210632,-0.742226243019104,-0.7314579112363724,-1.9762244065703207,-1.9111559391021729,-6.026556491851807,0.10402192662716166,2.652495467392549,0.12949931621551514,-0.9999845623970032,0.23352124284267678,1.652510904995546
2.410050868988037,0.519627525771654,-0.14527837340579172,0.4909115731716156,-0.8002613186836243,-0.760805561617591,-2.0020663734567217,-0.9516327381134033,-5.205156326293945,0.12347859618016534,2.8164266646946796,-0.03399127721786499,-0.9999299645423889,0.08948731896230035,1.8164967001522907
2.4200520515441895,0.5118588000440842,-0.16541147833280517,0.4803016781806946,-0.8446184992790222,-0.7924315396330393,-2.023855053077872,-1.4501436948776245,-4.870608329772949,0.13569562401257554,2.9205901900687334,0.39514052867889404,-0.9999206066131592,0.5308361526914696,1.9206695834555743
2.43005108833313,0.5037787883218752,-0.18575587212101347,0.45878350734710693,-0.8969436883926392,-0.8199835395027186,-2.037069955505183,-2.112184524536133,-4.840043067932129,0.19347970819150342,3.05810760996799,0.586581826210022,-0.9999504685401917,0.7800615344015254,2.0581571414277984
2.4400510787963867,0.4954599041840402,-0.2061509005314349,0.44075942039489746,-0.9438149333000183,-0.8493726018054417,-2.043080318740909,-1.4550515413284302,-4.160354137420654,0.23521208029331367,3.1719553409049084,0.265225887298584,-0.999909520149231,0.5004379675918976,2.1720458207556774
2.450049877166748,0.4867924066984839,-0.22661499546140806,0.43300437927246094,-0.9766247272491455,-0.8751334738403571,-2.0436770281558054,-0.7190368175506592,-3.5491068363189697,0.2312885179318987,3.225041846687271,-0.23544842004776,-0.9995455145835876,-0.004159902115861314,2.2254963321036834
2.4600493907928467,0.47795870009120356,-0.2470209870997093,0.42239445447921753,-1.0116502046585083,-0.9022838223623992,-2.0339102649352636,-1.2911460399627686,-3.1427807807922363,0.23892625613153992,3.2879056355028355,0.47295212745666504,-0.9994462132453918,0.711878383588205,2.2884594222574437
2.470050096511841,0.4687464873469754,-0.26729363070316614,0.407523512840271,-1.0389633178710938,-0.9262629915467855,-2.0218856014091404,-1.5471652746200562,-2.973328113555908,0.2632587903788289,3.3181796548220888,0.2996978759765625,-0.9996626377105713,0.5629566663553913,2.3185170171115175
2.4800493717193604,0.45943347253674444,-0.2874586755418745,0.3971266448497772,-1.066361665725708,-0.95117280625146,-1.9963466604187836,-0.6424119472503662,-2.3703789710998535,0.267919359053959,3.349282857790484,0.35105180740356445,-0.9977952837944031,0.6189711664575235,2.351487573996081
2.490053415298462,0.44971968557338265,-0.3072269956800341,0.39371779561042786,-1.0861754417419434,-0.9733782679131231,-1.9716743216540582,-0.2834366261959076,-1.5816816091537476,0.24080812684070563,3.3494783180662098,0.2768700122833252,-0.9926196336746216,0.5176781391240308,2.356858684391588
2.5000548362731934,0.4399606006464674,-0.32690295915455214,0.3881784975528717,-1.0984045267105103,-0.9960510209885172,-1.9303637713856538,-0.785258412361145,-1.2455898523330688,0.22266304330246153,3.31745674049062,0.5454138517379761,-0.9919909834861755,0.7680768950404376,2.3254657570044444
2.510061740875244,0.42979014996448556,-0.3458499371152025,0.37893208861351013,-1.1106337308883667,-1.0164801791541649,-1.893008228511082,-0.6015411615371704,-0.9859915971755981,0.21868966380919433,3.288570313224606,0.29642462730407715,-0.9867234230041504,0.5151142911132714,2.3018468902204554
2.520066976547241,0.4196186571722117,-0.36478610663925604,0.3782929480075836,-1.1155338287353516,-1.0369322009691295,-1.8358828699818837,0.09941796213388443,-0.2894204556941986,0.17770054940790073,3.2282152050132105,-0.536357045173645,-0.39867472648620605,-0.3586564957657443,2.8295404785270044
2.530062675476074,0.40905092412421923,-0.3825703921066799,0.3785912096500397,-1.1146389245986938,-1.0572280260972384,-1.7791937906537392,-0.15548036992549896,0.2596994638442993,0.13097677223897208,3.14789468971566,0.14264070987701416,0.874869704246521,0.27361748211598624,4.022764393962181
2.540062189102173,0.3984791580713665,-0.4003614646597921,0.372199684381485,-1.1105910539627075,-1.0737108887496092,-1.7132160415066089,-0.7252254486083984,0.4940475821495056,0.1130017368664906,3.053987234002536,-0.18290561437606812,0.9727339744567871,-0.06990387750957751,4.026721208459323
2.5500857830047607,0.3875511007644629,-0.4168711197747842,0.36742734909057617,-1.1017282009124756,-1.0919408725012438,-1.6402449004925472,-0.36095041036605835,1.0568910837173462,0.08653213219771301,2.944885448892073,-0.7050803303718567,0.9982659816741943,-0.6185481981741436,3.9431514305662674
2.5600616931915283,0.3766410445721543,-0.43316619949387236,0.36499857902526855,-1.0860049724578857,-1.1064990985016543,-1.564761840206728,-0.22780612111091614,1.8054580688476562,0.05006260185160872,2.8072067237452574,-0.9136570692062378,0.9997572898864746,-0.8635944673546291,3.806964013631732
2.570061445236206,0.36544743461957374,-0.4481249948855215,0.35971492528915405,-1.0639328956604004,-1.1224840806827814,-1.4793840978054185,-0.8842772841453552,2.4150538444519043,0.02464979012080466,2.6479739733319794,-0.9354774951934814,0.9996143579483032,-0.9108277050726767,3.6475883312802826
2.5800623893737793,0.35419057412472404,-0.4627548719519513,0.3441621959209442,-1.0359381437301636,-1.1352792910166585,-1.4033154294130377,-1.846884846687317,2.9849061965942383,0.04312202627625327,2.464688068646313,-0.9310489892959595,0.9913095235824585,-0.8879269630197062,3.4559975922287713
2.5900635719299316,0.34273942978275285,-0.47619425950746097,0.3236667215824127,-1.0020203590393066,-1.1490133647449383,-1.3190177224349569,-2.0853559970855713,3.517970561981201,0.08201264526146254,2.2610522279869363,-0.9484933614730835,0.9935941696166992,-0.8664807162116209,3.2546463976036355
2.600062608718872,0.3312100721109941,-0.4891356219768211,0.30257469415664673,-0.9597510695457458,-1.1600164030570532,-1.245804037045339,-1.977448582649231,4.3062520027160645,0.12313212520369379,2.0236464245463766,-0.8164999485015869,0.9967831373214722,-0.6933678232978931,3.0204295618678487
2.610058546066284,0.3195449750027552,-0.5011043793390899,0.2813122272491455,-0.9157773852348328,-1.1715106833553097,-1.1658885404363062,-2.432541847229004,4.940614700317383,0.16440081534052164,1.7830939253516942,-0.6377180218696594,0.9885944128036499,-0.4733172065291378,2.771688338155344
2.620062828063965,0.30777952589698054,-0.5124531230251493,0.25046247243881226,-0.8571884632110596,-1.1807302058552,-1.0961231466979449,-2.934704303741455,5.4878129959106445,0.24646332987012362,1.482361962799414,-0.7561526298522949,0.9551832675933838,-0.5096892999821713,2.437545230392798
2.630059242248535,0.2959296226356244,-0.5230282072689997,0.22097624838352203,-0.8038831353187561,-1.1899880280789503,-1.020570926849306,-3.206486701965332,5.7056403160095215,0.3222995092840401,1.2076761906139526,-0.8526952862739563,0.9500751495361328,-0.5303957769899161,2.157751340150085
2.640061378479004,0.28398143797953207,-0.5328626349783393,0.19038216769695282,-0.747850775718689,-1.1974406875419366,-0.9540601944581866,-3.2605533599853516,6.050278186798096,0.40247686221509077,0.9244490051835035,-0.8101166486740112,0.9829353094100952,-0.40763978645892046,1.9073843145935987
2.650150775909424,0.27187069839223743,-0.5421916263108655,0.15420614182949066,-0.6743909120559692,-1.2044946156425773,-0.8825441099585909,-3.1377761363983154,6.593052387237549,0.505957593219811,0.5684569287039462,-0.7980631589889526,0.9985179901123047,-0.2921055657691416,1.5669749188162507
2.660159111022949,0.2597744976868672,-0.550606566716733,0.12459209561347961,-0.6105182766914368,-1.2101242772121257,-0.8196865235808168,-3.1880760192871094,6.944397926330566,0.5812843289155667,0.2576203528912261,-0.819090723991394,0.9995826482772827,-0.23780639507582735,1.257203001168509
2.670152187347412,0.24766655092779666,-0.5585871573537188,0.08769169449806213,-0.5311355590820312,-1.2149109625474352,-0.7528492490664149,-3.236680746078491,7.169665336608887,0.6878918826478584,-0.11804187256825636,-0.8635851740837097,0.9998010396957397,-0.17569329143585133,0.8817591671274834
2.6801488399505615,0.23548873342843865,-0.5656554917496789,0.056117571890354156,-0.4615958034992218,-1.218738919591896,-0.6936152173386283,-3.3055200576782227,7.410411834716797,0.7712959946137633,-0.44745665947696545,-0.8822117447853088,0.9998430013656616,-0.11091575017154554,0.5523863418886962
2.690155029296875,0.22328829845769724,-0.5724611761654943,0.024884330108761787,-0.39026638865470886,-1.221293121283777,-0.6310615844119241,-3.299112558364868,7.657533168792725,0.8531370639004224,-0.7834375862963774,-0.8372741341590881,0.9998888969421387,0.015862929741334297,0.21645131064576129
2.700143337249756,0.21106966302815144,-0.5782750047745406,-0.011078639887273312,-0.30504608154296875,-1.2233282485429182,-0.5757266063032382,-3.120894432067871,7.614311695098877,0.9552377025363264,-1.174884369895759,-0.6643573045730591,0.999910831451416,0.29088039796326737,-0.17497353844434294
2.710080146789551,0.19891334290986323,-0.5839332474280972,-0.038903068751096725,-0.232608824968338,-1.2236431880436864,-0.5177533682884281,-2.740365505218506,7.393857479095459,1.0226105701421278,-1.5106950165769644,-0.5621333122253418,0.9999315738677979,0.46047725791678595,-0.5107634427091665
2.7200767993927,0.18667818416667561,-0.5885894192444181,-0.06378740072250366,-0.16055506467819214,-1.2238917237514215,-0.4648579021469921,-2.3876607418060303,7.1879682540893555,1.0770020150234707,-1.8405477246347715,-0.5738773345947266,0.9999276399612427,0.5031246804287441,-0.8406200846735288
2.730172634124756,0.17432232069807274,-0.5932732164976445,-0.08415505290031433,-0.09301796555519104,-1.2218835145686224,-0.41055778874221005,-1.8723493814468384,6.518550395965576,1.1114527064730644,-2.15109757905255,-0.4985848665237427,0.9998400211334229,0.6128678399493217,-1.151257557919127
2.7400760650634766,0.1622406587580867,-0.5968206172457238,-0.1016252189874649,-0.03148890286684036,-1.21994710870844,-0.3581991705732541,-1.7061896324157715,6.070175647735596,1.1346232743058717,-2.4309263718291985,-0.5161970853805542,0.9997385740280151,0.6184261889253175,-1.4311877978011833
2.750169277191162,0.14992747380533575,-0.6004359974582807,-0.11692225933074951,0.03212805464863777,-1.2157362801768183,-0.3126517106922435,-1.3474465608596802,6.251430511474609,1.1474538524851667,-2.7200254240597492,-0.5437453985214233,0.9999048709869385,0.6037084539637434,-1.7201205530728108
2.7601613998413086,0.13782134149160744,-0.6031094941462118,-0.12399554997682571,0.08364373445510864,-1.2111877692543995,-0.26345162638544295,-0.6956562399864197,6.01259183883667,1.1258126333142624,-2.953038882985678,-0.179473876953125,0.9999545812606812,0.9463387563611374,-1.953084301724997
2.7701563835144043,0.12571933725770404,-0.6057016096117173,-0.1250607967376709,0.1392499804496765,-1.2049211889840716,-0.22258908981823566,0.07828997075557709,4.963471412658691,1.078354576180112,-3.203291837263993,0.34264087677001953,0.9999240636825562,1.4209954529501316,-2.2033677735814368
2.780155897140503,0.11372960137698931,-0.6075597180512995,-0.12484775483608246,0.18641941249370575,-1.1977002538057029,-0.17750583229049255,-0.06174038350582123,4.374025821685791,1.0258826317162086,-3.4141102613435224,-0.06863510608673096,0.999800443649292,0.9572475256294777,-2.4143098176942304
2.790144920349121,0.10177903369304261,-0.6092498658230329,-0.12403815984725952,0.2343984693288803,-1.1893236958552196,-0.14013005033074322,0.14630894362926483,4.792076587677002,0.9710139322232991,-3.6276878411532265,0.206373929977417,0.9999575614929199,1.1773878622007161,-2.6277302796603066
2.800152540206909,0.08994738225975425,-0.6103607664180822,-0.11913799494504929,0.28340011835098267,-1.1794474737629836,-0.09938438981676256,0.5863752961158752,4.630044460296631,0.8990671219806551,-3.8431718045069787,0.5353114604949951,0.999975323677063,1.43437858247565,-2.8431964808299157
2.8101494312286377,0.07818470346273924,-0.611238251158144,-0.11487697809934616,0.3184256851673126,-1.1689363410973463,-0.06542041999026083,0.4654693305492401,4.122072219848633,0.8301652307169672,-3.9975549261994634,0.30050432682037354,0.9999525547027588,1.1306695575373409,-2.9976023714967046
2.820160388946533,0.06655969746579399,-0.611669058911599,-0.11355605721473694,0.3639333248138428,-1.156408241726318,-0.02903518231146407,-0.026309169828891754,3.932652473449707,0.774497745126283,-4.195090250019399,-0.1740189790725708,0.99993896484375,0.6004787660537122,-3.1951512851756494
2.8301494121551514,0.0550563494715686,-0.6118195676755483,-0.11304473876953125,0.4047538638114929,-1.1437936534465152,0.0013987096868781634,0.06685753166675568,4.306840419769287,0.7228346794367293,-4.371265755394278,-0.03835022449493408,0.9999849796295166,0.6844844549417952,-3.3712807757647614
2.8401482105255127,0.043697906667011274,-0.6116407796763483,-0.11312995851039886,0.44663962721824646,-1.128627826655154,0.03339294153307293,-0.05183420330286026,4.198570728302002,0.6743598202628637,-4.550605749646757,-3.814697265625e-05,0.9999847412109375,0.6743216732902074,-3.5506210084358196
2.8501596450805664,0.03247242971815084,-0.6111509748648755,-0.11440826207399368,0.48298609256744385,-1.1138605080176773,0.06041200898311416,-0.17966292798519135,3.81581449508667,0.6315869747062214,-4.704789389958973,0.46552300453186035,0.9999849796295166,1.0971099792380818,-3.704804410329456
2.860144853591919,0.021424047759802438,-0.6104333440484025,-0.11901015788316727,0.5249996781349182,-1.09606437002537,0.08801912527053801,-0.4046541750431061,3.808847427368164,0.6038670842647698,-4.88236199538828,0.4174058437347412,0.9999845027923584,1.021272927999511,-3.8823774925959214
2.8701493740081787,0.01056280255485279,-0.6093908720426628,-0.12024585902690887,0.5598548054695129,-1.0791860502140105,0.11153452557161359,0.062443725764751434,3.6212213039398193,0.5624772448015751,-5.027756413302356,0.3873382806777954,0.9999935626983643,0.9498155254793705,-4.027762850603992
2.880150318145752,-0.00016561662417964324,-0.6082020965010903,-0.11999019980430603,0.5907471776008606,-1.0587205437899305,0.13481450838725095,0.03267405554652214,3.1251912117004395,0.5152457076745435,-5.155481878638388,0.780959963798523,0.9999938011169434,1.2962056714730665,-4.1554880775214444
2.8901491165161133,-0.010611395870061787,-0.6066946850233916,-0.11909538507461548,0.622193455696106,-1.0397287553283383,0.15483154181485403,0.1864316761493683,2.664184093475342,0.46648115357958087,-5.284219005093839,0.755890965461731,0.9999938011169434,1.222372119041312,-4.284225203976896
2.900153875350952,-0.020963830938513787,-0.605104866337417,-0.11466392874717712,0.644819438457489,-1.0166022712147056,0.17376281538541605,0.6430322527885437,2.2575454711914062,0.40291042057725235,-5.374674510618096,0.743122935295105,0.9999964237213135,1.1460333558723574,-4.3746780868967825
2.910146951675415,-0.030941664312237733,-0.6032201518058418,-0.10690888017416,0.6639513969421387,-0.9956760089656131,0.1901839969492407,0.905450701713562,1.8705003261566162,0.32665902820626574,-5.4488376596163155,0.7958568334579468,0.9999973773956299,1.1225158616642126,-4.448840282220686
2.920074939727783,-0.04079911994238845,-0.6013164039544165,-0.09472237527370453,0.6787371039390564,-0.9700920519593046,0.20464560913765695,1.1904869079589844,1.0344160795211792,0.23186999792465915,-5.504230083941933,0.9328250885009766,0.9999933242797852,1.1646950864256358,-4.504236759662148
2.9301514625549316,-0.05034105640533344,-0.5991224586336803,-0.07912705093622208,0.6844468712806702,-0.9467707106974972,0.21779185132617584,1.842126488685608,0.4334445297718048,0.12377977648282112,-5.519348118631707,0.9072883129119873,0.999995231628418,1.0310680893948083,-4.519352887003289
2.940061092376709,-0.05972148235726597,-0.5969636037676884,-0.05935594439506531,0.6850008368492126,-0.9184897816033479,0.2279494412923242,2.218898057937622,-0.07598376274108887,-0.0015718132374628615,-5.512447094652674,0.9072070121765137,0.9999959468841553,0.9056351989390508,-4.512451147768519
2.9500627517700195,-0.06862417467336465,-0.5945818246394079,-0.030338428914546967,0.6804414987564087,-0.8901215254393802,0.23813839630187061,2.6712753772735596,-0.5971898436546326,-0.16462870676291605,-5.4826002906020115,0.8510454893112183,0.9999959468841553,0.6864167825483022,-4.482604343717856
2.960146903991699,-0.07760029563168909,-0.5921804008012731,-0.002769659971818328,0.6702151298522949,-0.86160506975797,0.24350601669210192,2.963027000427246,-1.284480094909668,-0.32177173333744424,-5.428300781810342,0.8701837062835693,0.999993085861206,0.5484119729461251,-4.428307695949136
2.9701597690582275,-0.08594391799917292,-0.5896888425919535,0.02688700519502163,0.6531710624694824,-0.8306418476345714,0.24933418917866135,3.2302913665771484,-2.0233569145202637,-0.48517296973503654,-5.344297591764175,0.8390637636184692,0.999994158744812,0.3538907938834327,-4.344303433019363
2.980158567428589,-0.09422289517804272,-0.5871908229386811,0.06553441286087036,0.6249631643295288,-0.8004896044504033,0.2510466419254449,3.560516834259033,-2.735591411590576,-0.6869564245673262,-5.212262145253303,0.37747740745544434,0.9999997615814209,-0.30947901711188186,-4.212262383671882
2.9901511669158936,-0.10194716508984354,-0.5846700843467445,0.10026168823242188,0.5982465147972107,-0.7667882803526016,0.2525347944769436,3.6638267040252686,-2.847066879272461,-0.8694980692857412,-5.0865413763190075,0.3726050853729248,0.9999994039535522,-0.49689298391281644,-4.086541972365455
3.0001487731933594,-0.1095510884726833,-0.582142597687415,0.1326454132795334,0.5685898661613464,-0.7605743986916826,0.2528091814363899,3.283505439758301,-3.2739686965942383,-1.0414449575345317,-4.948149594549674,0.809882640838623,0.9999997615814209,-0.23156231669590865,-3.9481498329682534
