time_s,target_right_rad,actual_right_rad,torque_right_nm,right_flex,right_ext,target_left_rad,actual_left_rad,torque_left_nm,left_flex,left_ext
0.0,-0.00011691116769094612,-3.1715628119032843e-07,-0.0001944942049463814,1.0522005092185153e-05,0.0,0.0,-2.651221374198911e-07,-0.00012084624870744156,0.0,0.0
0.01,0.020446035712782595,8.21800827786863e-06,0.012752968582345972,0.0,0.0018401717582157407,0.0,-7.925426069145408e-07,-0.00012067761070571997,0.0,2.3860992367790204e-08
0.02,0.04015117936139982,3.243118033862065e-05,0.026773610110719222,0.0,0.0036128665217809762,0.0,-1.4505253212527663e-06,-0.00012032206542355692,0.0,7.132883462230867e-08
0.03,0.05885851152375281,7.437536506661561e-05,0.04027975474196123,0.0,0.005294347230907277,0.0,-2.1550090629052865e-06,-0.00011986066109111568,0.0,1.3054727891274895e-07
0.04,0.07649174964625896,0.0001340336508190985,0.05302492988600494,0.0,0.0068775636853073115,0.0,-2.8666309854797064e-06,-0.00011935667366989775,0.0,1.939508156614758e-07
0.05,0.09297954024100885,0.0002106236471334553,0.06493505480914119,0.0,0.008356095593117079,0.0,-3.5700204222488344e-06,-0.00011884288549647736,0.0,2.579967886931736e-07
0.06,0.10823039818623541,0.0003030589433202298,0.07594544258408278,0.0,0.009721779708519177,0.0,-4.260394812254639e-06,-0.00011833310257709959,0.0,3.213018380023951e-07
0.07,0.12215283836017135,0.0004256167360172488,0.0859791607865913,0.0,0.0109664801475166,0.0,-5.044444749073948e-06,-0.00011783195405415486,0.0,3.834355331029176e-07
0.08,0.13465537564104946,0.0006413712234728462,0.09486521162031011,0.0,0.0120806783014529,0.0,-6.254042958881787e-06,-0.00011727186455727917,0.0,4.5400002741665525e-07
0.09,0.14564652490710245,0.0010120623370267362,0.10244269117153734,0.0,0.013050463831526665,0.0,-7.96087182956178e-06,-0.00011643448332667758,0.0,5.628638662993609e-07
0.1,0.15503480103656306,0.0015837982487988116,0.10861352436414604,0.0,0.013862046482958268,0.0,-1.0095762952445701e-05,-0.00011524752549567275,0.0,7.164784646605603e-07
0.11,0.16272871890766405,0.0023869362111864825,0.11330887360077303,0.0,0.014503042859297871,0.0,-1.2544317894567495e-05,-0.00011374590727967733,0.0,9.086186657201132e-07
0.12,0.16863679339863819,0.0034363377440922165,0.11648651567271776,0.0,0.014962487146870655,0.0,-1.517866936533826e-05,-0.00011200651412829201,0.0,1.1289886105110746e-06
0.13,0.17266753938771823,0.004731895991339763,0.11812590363913589,0.0,0.015230808147926342,0.0,-1.7869476257432303e-05,-0.000110119980325854,0.0,1.3660802428804434e-06
0.14,0.17472979469580507,0.006259262216987614,0.1182225902675016,0.0,0.015299810883401876,0.0,-2.0491208246364025e-05,-0.00010817958091161469,0.0,1.6082528631689074e-06
0.15,0.17473398067380846,0.00799071065207265,0.11678309624423962,0.0,0.015162724661113878,0.0,-2.292480764903786e-05,-0.00010627650012150242,0.0,1.8442087421727623e-06
0.16,0.17259312934730117,0.00988608613842778,0.11381974007988048,0.0,0.014814217682570565,0.0,-2.5059093359741838e-05,-0.00010449755531294085,0.0,2.0632326884134075e-06
0.17,0.1682209380660756,0.011893773578757828,0.10934406965814696,0.0,0.014250136673488303,0.0,-2.6791344579961564e-05,-0.00010292401963541563,0.0,2.2553184023767656e-06
0.18,0.16153110417992422,0.01395163345890791,0.10336131496755849,0.0,0.013467359754104976,0.0,-2.802727038063281e-05,-0.00010163111095797933,0.0,2.4112210121965407e-06
0.19,0.1524373250386393,0.015987859815197576,0.09586591236431206,0.0,0.012463712242175826,0.0,-2.8680516396350966e-05,-0.0001006879443314099,0.0,2.522454334256953e-06
0.2,0.14071182844414734,0.0179212391985013,0.08675304628404994,0.0,0.01122515717660548,0.0,-2.8668572433381435e-05,-0.00010015784255955673,0.0,2.581246475671587e-06
0.21,0.12636597699515026,0.019661833630349866,0.07603223021368251,0.0,0.009760026401698405,0.0,-2.7914863507835773e-05,-0.00010010096673059851,0.0,2.580171519004329e-06
0.22,0.10934483053956612,0.021111711214226177,0.06366669022020613,0.0,0.008071469721829462,0.0,-2.6349021446910872e-05,-0.00010057330687229835,0.0,2.5123377157052195e-06
0.23,0.08956208642718724,0.022165278739922866,0.04957180010898317,0.0,0.006160533769166496,0.0,-2.3904570349764454e-05,-0.00010162639970908582,0.0,2.3714119302219787e-06
0.24,0.06693144200780601,0.022709319931111235,0.033630457346995206,0.0,0.004028954694109483,0.0,-2.0516503773375346e-05,-0.00010330875727860225,0.0,2.1514113314788006e-06
0.25,0.04136659463121489,0.022891707109649554,0.01563954075789887,0.0,0.0016791547230093292,0.0,-1.7942237871606034e-05,-0.000105664946480219,0.0,1.846485339603781e-06
0.26,0.012781241647206256,0.022937269972551577,-0.0046148254051685406,0.0009099418916198969,0.0,0.0,-1.6887750146151457e-05,-0.00010758623282345108,0.0,1.614801408444543e-06
0.27,-0.01884222561997687,0.02291911995920647,-0.02708208952516409,0.0037601546033275597,0.0,0.0,-1.672801302292328e-05,-0.00010849186398450466,0.0,1.5198975131536313e-06
0.28,-0.05324047514458545,0.022858440110856103,-0.05149066106073134,0.0068543635593412726,0.0,0.0,-1.6992791584505852e-05,-0.00010870503399861296,0.0,1.505521172063095e-06
0.29,-0.0899203428459664,0.0227435462766041,-0.07751281687596044,0.010150090466114026,0.0,0.0,-1.7324050485367753e-05,-0.00010856345723731211,0.0,1.5293512426055266e-06
0.3,-0.12833700688455202,0.022393789242483617,-0.10445250102911743,0.01359724978450405,0.0,0.0,-1.654330583789245e-05,-0.00010833785945888594,0.0,1.5591645436830978e-06
0.31,-0.16794564542077417,0.021594975798210552,-0.13134526002746622,0.0171305491196932,0.0,0.0,-1.4165589122614367e-05,-0.0001088078450427836,0.0,1.4888975254103206e-06
0.32,-0.20820143661506244,0.020151412373036335,-0.1573307285795816,0.02068167711719457,0.0,0.0,-1.0149911526026165e-05,-0.00011037659031079103,0.0,1.274903021035293e-06
0.33,-0.24855955862785076,0.017892841264554836,-0.18164873682714258,0.02418398739007984,0.0,0.0,-4.636134691485136e-06,-0.00011311983135292179,0.0,9.134920373423549e-07
0.34,-0.28847518961956825,0.014679645824610862,-0.20368081078595654,0.027573122779571073,0.0,0.0,2.145567263217531e-06,-0.00011695812591237295,0.0,4.172521222336622e-07
0.35000000000000003,-0.32740350775064875,0.010406287853468869,-0.22296974309057968,0.030787483821773366,0.0,0.0,9.914727332757526e-06,-0.00012173555863628498,1.931010536895778e-07,0.0
0.36,-0.36479969118152156,0.005003012502624721,-0.23922076720524024,0.03376853811314914,0.0,0.0,1.8364538515520997e-05,-0.0001272551103999255,8.923254599481774e-07,0.0
0.37,-0.39994839259613024,-0.0015634814873951653,-0.25219512988323833,0.03644562645888795,0.0,0.0,2.717577090343873e-05,-0.00013329795028338393,1.6528084663968899e-06,0.0
0.38,-0.4323882511041993,-0.00929126438432206,-0.2619129124743571,0.038774229265512376,0.0,0.0,3.603361457039488e-05,-0.00013963441884147994,2.4458193813094858e-06,0.0
0.39,-0.4616993529075459,-0.018145926107942783,-0.26851456592607154,0.040716727967090145,0.0,0.0,4.464171220280278e-05,-0.00014603634739696636,3.2430253113355387e-06,0.0
0.4,-0.4878848999099585,-0.028065205582705935,-0.27239994663805334,0.04227650764218141,0.0,0.0,5.2738435858482494e-05,-0.00015228749024419992,4.017754098252251e-06,0.0
0.41000000000000003,-0.5110791853320666,-0.03896463975181572,-0.2740399440644816,0.04347125817744247,0.0,0.0,6.010738681496277e-05,-0.00015819514620520777,4.7464592272634245e-06,0.0
0.42,-0.5314327084173739,-0.05074303308796402,-0.2738735792033144,0.04432212617990024,0.0,0.0,6.657924652710118e-05,-0.0001635982601904506,5.409664813346649e-06,0.0
0.43,-0.549095968409383,-0.06328728668615982,-0.27228083124840935,0.04485176417892771,0.0,0.0,7.202845855463209e-05,-0.00016836956899549666,5.992132187439107e-06,0.0
0.44,-0.5642194645515974,-0.07647650088583444,-0.26957941292424586,0.04508389600788939,0.0,0.0,7.636783881908176e-05,-0.00017241377586461838,6.482561269916888e-06,0.0
0.45,-0.5769536960875205,-0.09018537938469343,-0.2660281885938207,0.04504294756815174,0.0,0.0,7.954269985701192e-05,-0.00017566388485135438,6.873105493717359e-06,0.0
0.46,-0.5874491622606549,-0.1042869997701435,-0.26183330320832976,0.04475374045883654,0.0,0.0,8.152520720227552e-05,-0.00017807701625104406,7.1588429871310726e-06,0.0
0.47000000000000003,-0.595856362314504,-0.11865502594672958,-0.25715434854470043,0.04424124262899244,0.0,0.0,8.230925694502935e-05,-0.00017963030958339265,7.337268648204796e-06,0.0
0.48,-0.6023257954925713,-0.13316545250853765,-0.25211585527656366,0.04353036925912575,0.0,0.0,8.190607741852679e-05,-0.0001803171562162988,7.407833125052642e-06,0.0
0.49,-0.6070079610383595,-0.14769798484127458,-0.2468142792935559,0.04264582576768397,0.0,0.0,8.034066332492944e-05,-0.0001801439426771208,7.371546967667411e-06,0.0
0.5,-0.6100533581953719,-0.16213711161809785,-0.2413232282989976,0.041611983601868754,0.0,0.0,7.764880259979112e-05,-0.00017912738606699685,7.23065969924365e-06,0.0
0.51,-0.6116124862071118,-0.1763729296405748,-0.23569946425744728,0.04045278371301126,0.0,0.0,7.38746521814347e-05,-0.00017729231248033074,6.988392233981201e-06,0.0
0.52,-0.6118358443170824,-0.1903017777888654,-0.2299882830237757,0.03919166232088568,0.0,0.0,6.906882368724089e-05,-0.00017466985315877254,6.6487186963291236e-06,0.0
0.53,-0.6108693200457639,-0.203826715744511,-0.22422588882110794,0.03785107880312087,0.0,0.0,6.328683127175924e-05,-0.00017129599717751856,6.2161941318516805e-06,0.0
0.54,-0.6088154161962195,-0.21685777847953897,-0.2184252416732049,0.03644898304065376,0.0,0.0,5.658717541115614e-05,-0.0001672104369658705,5.695814814458331e-06,0.0
0.55,-0.6058989368626936,-0.2293124298205263,-0.21265386561712765,0.03501370425448392,0.0,0.0,4.9032225294601443e-05,-0.00016245520423602156,5.092845787004052e-06,0.0
0.56,-0.6022703812886897,-0.24111595131551503,-0.20695414870589163,0.0335662156321347,0.0,0.0,4.068775926844591e-05,-0.00015707506917411534,4.412900276514131e-06,0.0
0.5700000000000001,-0.5980802487177106,-0.2522017117245198,-0.201370486063413,0.03212678676619761,0.0,0.0,3.16222025047362e-05,-0.00015111729110004995,3.661898334160132e-06,0.0
0.58,-0.5934790383932598,-0.2625114228703427,-0.19595392987909943,0.030714959400186603,0.0,0.0,2.1906325296431278e-05,-0.00014463110615858148,2.8459982254262585e-06,0.0
0.59,-0.5886172495588402,-0.27199540619015844,-0.19076405985007855,0.029349524401964776,0.0,0.0,1.1613223457014476e-05,-0.00013766747254773695,1.971569276678815e-06,0.0
0.6,-0.5836453814579551,-0.28061287924495315,-0.18586976815779502,0.028048497774101698,0.0,0.0,8.184479532719758e-07,-0.0001302790353794956,1.0451901111313028e-06,0.0
0.61,-0.5787139333341075,-0.2881877189039395,-0.18194497843301857,0.02682909486802389,0.0,0.0,4.3675035952040543e-05,-0.00012262788990699831,7.366031579447783e-08,0.0
0.62,-0.5739734044308007,-0.2949172854277248,-0.17775385094825558,0.02572071169741751,0.0,0.0,5.858717229666905e-05,-0.0001487928021519318,3.930753235683649e-06,0.0
0.63,-0.5695742939915379,-0.3007995408166768,-0.1739237149110276,0.024719130770743183,0.0,0.0,5.1853726392336234e-05,-0.0001614301304989149,5.2728455067002145e-06,0.0
0.64,-0.5656671012598223,-0.3057857880091973,-0.17090967123577142,0.023838080439883096,0.0,0.0,3.953031027095125e-05,-0.00015872209562853515,4.6668353753102614e-06,0.0
0.65,-0.5624023254791568,-0.3098534981412079,-0.16878563208766437,0.023095488372296354,0.0,0.0,2.791881712850961e-05,-0.00015058189361568674,3.557727924385612e-06,0.0
0.66,-0.5599304658930451,-0.3130084060801675,-0.16760847386201344,0.022506927097665348,0.0,0.0,1.8108711349573582e-05,-0.0001422177224672484,2.5126935415658653e-06,0.0
0.67,-0.5606365374712365,-0.31528489970571855,-0.16877448250663793,0.022286531825196215,0.0,0.0,9.737991657564402e-06,-0.0001349649110259154,1.6297840214616226e-06,0.0
0.68,-0.5724093851505069,-0.3167716613205911,-0.17720262544412313,0.02314120369003095,0.0,0.0,2.5698133553837637e-06,-0.00012876121888422254,8.764192491807963e-07,0.0
0.6900000000000001,-0.581856889133796,-0.31757628169269964,-0.18544521015883503,0.02385767050318844,0.0,0.0,-3.5861390831294494e-06,-0.00012344944340812082,2.3128320198453875e-07,0.0
0.7000000000000001,-0.5890280407351682,-0.31787282768449177,-0.19241713180407471,0.024430658313822174,0.0,0.0,-8.34175302958245e-06,-0.00011888843388549954,0.0,3.227525174816505e-07
0.71,-0.5939176609182384,-0.31798696233512697,-0.19681911851282638,0.024844034991037198,0.0,0.0,-1.0825577054775632e-05,-0.00011531068477255687,0.0,7.507577726624204e-07
0.72,-0.5967247426276129,-0.31804641972135195,-0.19922856557856708,0.025086400226323736,0.0,0.0,-1.196593534604597e-05,-0.00011329364350710092,0.0,9.743019349298069e-07
0.73,-0.5975265099405398,-0.31808982951097986,-0.2000447213312974,0.025153208119726905,0.0,0.0,-1.2519087080122547e-05,-0.00011232082550902493,0.0,1.0769341811441375e-06
0.74,-0.5964001869342671,-0.31812793883706303,-0.1994297293014506,0.025047932168095855,0.0,0.0,-1.2847643636266142e-05,-0.00011184947700978949,0.0,1.1267178372110293e-06
0.75,-0.5934229976860431,-0.3181628304219654,-0.19747321193732734,0.02477655529640821,0.0,0.0,-1.3095702776793483e-05,-0.00011158266812448753,0.0,1.1562879272639528e-06
0.76,-0.588672166273116,-0.31819394690692776,-0.19424160800734352,0.024345840226603556,0.0,0.0,-1.3321372398732177e-05,-0.00011139225007854951,0.0,1.1786132499114135e-06
0.77,-0.582224916772734,-0.31821996091982074,-0.1897939272197286,0.023762787287922565,0.0,0.0,-1.3547033900747007e-05,-0.00011122549650310071,0.0,1.198923515885896e-06
0.78,-0.5741584732621449,-0.31823935602894987,-0.1841866499317875,0.02303446611080917,0.0,0.0,-1.3779474443312465e-05,-0.0001110616864863135,0.0,1.2192330510672307e-06
0.79,-0.5645500598185973,-0.3182506126230976,-0.1774752877498404,0.02216796334106827,0.0,0.0,-1.4023156013733763e-05,-0.00011089393689764125,0.0,1.240152699898122e-06
0.8,-0.5534769005193388,-0.31825221967540557,-0.16971508376985192,0.021170365910661713,0.0,-0.013890493247547852,-2.0421220995331454e-05,-0.008860190023492523,0.0012488823082380707,0.0
0.81,-0.5410162194416182,-0.3182427158764788,-0.16096099577196676,0.020048759978959132,0.0,-0.04787910399823986,-4.66203875197726e-05,-0.03134801327734554,0.0043072814499520076,0.0
0.8200000000000001,-0.5272452406626826,-0.318220781659628,-0.15126755330529648,0.01881022723075835,0.0,-0.0842428378180803,-0.00010238690884823844,-0.0570068893276545,0.007577659568750447,0.0
0.8300000000000001,-0.5122411882597816,-0.3181851875375935,-0.14068924326421514,0.017461836594013822,0.0,-0.12243687286749846,-0.00019317044804082633,-0.08415822541796678,0.011010103736278521,0.0
0.84,-0.4960812863101618,-0.31813375189751164,-0.12928264278822554,0.016010648889531146,0.0,-0.16191638730692817,-0.0004742472397651731,-0.1120179011128196,0.014555089517299863,0.0
0.85,-0.4788427588910726,-0.3180647735290378,-0.11710249109320717,0.014463810629420485,0.0,-0.20213655929679847,-0.001168453548315571,-0.13952730917027895,0.018149608085133,0.0
0.86,-0.4606028300797611,-0.3179771705577806,-0.10420156371708285,0.0128284250895651,0.0,-0.24255256699754332,-0.0024773137332017216,-0.1658150716858971,0.021724570210430498,0.0
0.87,-0.44142060291212565,-0.31786918370399986,-0.09062239292021242,0.011109908911891057,0.0,-0.2825991778662589,-0.004574051263864131,-0.1901140269707078,0.025210967771975144,0.0
0.88,-0.42136044568898945,-0.3176611712208185,-0.07649044263516527,0.009314213578649064,0.0,-0.32165692890276887,-0.007598402639800321,-0.21178091994825188,0.02853745898750143,0.0
0.89,-0.4005416922959179,-0.31723774378774344,-0.06196964683326476,0.007459246896758948,0.0,-0.35919750602185097,-0.01165332453281764,-0.23039877857203733,0.03164391930438456,0.0
0.9,-0.37904156681015816,-0.31648749302656826,-0.04708203646031979,0.005562344072017325,0.0,-0.39467608738393894,-0.01680386933366245,-0.24571510724540424,0.03447204865660092,0.0
0.91,-0.3569372933089587,-0.31530360937098395,-0.03185267348770709,0.0036404820254151383,0.0,-0.4275478511494629,-0.023077589698967147,-0.2576244855354297,0.036966958363422044,0.0
0.92,-0.3343060958695685,-0.31358438001013395,-0.01631550007381077,0.0017102237848726093,0.0,-0.4573644740556392,-0.030466456089892572,-0.2661895365475577,0.03908581959210048,0.0
0.93,-0.3112251985692343,-0.311233560450813,-0.0005047609885496063,0.0,0.00021232632968096743,-0.4840496018182636,-0.03893090671997813,-0.2717442692013327,0.04082248311555339,0.0
0.9400000000000001,-0.2877718254852056,-0.30816227359332404,0.015180575516109159,0.0,0.0021115561469046695,-0.5077176386109657,-0.048405343516498826,-0.27475165451390976,0.042190805870188884,0.0
0.9500000000000001,-0.2640232006947292,-0.30429457415356775,0.030056024397899207,0.0,0.003972516560873538,-0.5285190836772502,-0.058803813437438464,-0.27567272248357333,0.04321023661446762,0.0
0.96,-0.24005654827505457,-0.29957005760478533,0.04393405781362562,0.0,0.005781422329066187,-0.5466044362606189,-0.0700252045663669,-0.2749191280700588,0.043902056054086244,0.0
0.97,-0.2159490923034285,-0.2939445024043173,0.05670145936149251,0.0,0.0075258868771221135,-0.5621241956045762,-0.08195775762039809,-0.27284382187335715,0.044288909193438836,0.0
0.98,-0.1917780568571006,-0.28738995369486375,0.06828824338416498,0.0,0.009194980099249505,-0.5752288609526242,-0.0944828789268848,-0.2697407536688306,0.04439439929990034,0.0
0.99,-0.16762144590202466,-0.2798943881141072,0.0786632225289081,0.0,0.010779165701355519,-0.5860689315482668,-0.10747829773699183,-0.2658489825118188,0.044242744735924384,0.0
1.0,-0.14356129459768027,-0.27146103301359137,0.08782736334450818,0.0,0.012269978416478425,-0.5947949066350066,-0.1208206291585124,-0.2613580267477436,0.04385849480082133,0.0
1.01,-0.11968714845711115,-0.26210742412627935,0.09580583272920501,0.0,0.013659649610083221,-0.6015572854563473,-0.13438743325104996,-0.25641884479388505,0.043266299066805146,0.0
1.02,-0.0960904926020859,-0.25186425834692505,0.10264484098925544,0.0,0.014941523837177412,-0.6065065672557919,-0.14805886058182194,-0.2511493888800594,0.04249072206042677,0.0
1.03,-0.07286281215437043,-0.2407740936202122,0.10840674696148815,0.0,0.016110130157329917,-0.6097932512768434,-0.1617189455071755,-0.24564100590914936,0.04155609516255193,0.0
1.04,-0.050112504915058836,-0.22889000725746114,0.11315545186627568,0.0,0.017159542983463803,-0.6115272974003669,-0.17525650671985185,-0.23994626942387257,0.040482751670387236,0.0
1.05,-0.02794453190708238,-0.21627422977423444,0.11696149271416685,0.0,0.01808509278153409,-0.6118654997237167,-0.18856589369654667,-0.23412273055492933,0.03929480937034784,0.0
1.06,-0.006433178602316819,-0.2029966897456944,0.11991202699306915,0.0,0.018885694605472587,-0.6110142986864616,-0.20154776106330546,-0.22824323890853807,0.03802035644909235,0.0
1.07,0.014330069877471862,-0.18913361197688036,0.12208365576895688,0.0,0.019559408366084965,-0.6091241935321046,-0.21410963825706375,-0.22235187701786943,0.03668187892219192,0.0
1.08,0.03425372841051576,-0.1747662236980486,0.12354609480963376,0.0,0.020104860634865652,-0.6063456835041487,-0.2261663259791178,-0.2164882858664075,0.035301244072237656,0.0
1.09,0.053246311875047594,-0.1599795665977273,0.12436091337643504,0.0,0.02052112820157866,-0.6028292678460976,-0.2376402246860435,-0.21069317604506552,0.03389966476802818,0.0
1.1,0.07121633514929959,-0.14486142505396993,0.12458033060521932,0.0,0.02080763115723242,-0.5987254458014541,-0.2484616297640428,-0.20501121420825585,0.03249766990038696,0.0
1.11,0.08807231311150558,-0.1295013775143428,0.1242464087298224,0.0,0.020964036434892797,-0.5941847166137214,-0.2585690137973453,-0.19949295784215496,0.031115077816471076,0.0
1.12,0.10372276063989733,-0.11398997359311702,0.12339068562451165,0.0,0.02099017243388161,-0.589357579526403,-0.2679093108096076,-0.1941964398554508,0.029770970915615192,0.0
1.1300000000000001,0.11807619261270849,-0.09841803623324147,0.12203406399305645,0.0,0.020885954958524296,-0.5843945337830015,-0.27643821246851813,-0.18918819043826424,0.028483670067605455,0.0
1.1400000000000001,0.13104112390817096,-0.0828760857993945,0.12018692562284725,0.0,0.020651324412727122,-0.5794460786270206,-0.28412048177233423,-0.18454383195374813,0.02727070795426522,0.0
1.1500000000000001,0.1425260694045183,-0.06745388493296006,0.1178482704901472,0.0,0.020286193968352153,-0.5746627133019632,-0.29093028566600193,-0.18034822178167512,0.026148800837666603,0.0
1.16,0.15243954397998227,-0.05224010864710059,0.11500551975467654,0.0,0.01979040860216481,-0.5701949370513326,-0.2968515434826556,-0.17669504014081103,0.02513381862467976,0.0
1.17,0.16069006251279677,-0.03732212442171802,0.11163658361860651,0.0,0.019163715404390762,-0.5661932491186317,-0.3018782840147778,-0.17368591126168426,0.02424075350723785,0.0
1.18,0.16718613988119393,-0.022785867544032962,0.10771042913679148,0.0,0.018405743787262077,-0.5628081487473637,-0.30601499938422366,-0.17142889437468617,0.023483687825932735,0.0
1.19,0.17183629096340644,-0.008715805330830112,0.10318726554214575,0.0,0.01751599426566955,-0.5601901351810323,-0.3092769793174582,-0.17003638559051146,0.02287576222171278,0.0
1.2,0.17454905710026905,0.004805015902395965,0.09801862416085534,0.0,0.016493837618798923,-0.5588281747960797,-0.3116917465476506,-0.16982085731518062,0.02245960759307594,0.0
1.21,0.1751515157520558,0.017694665459221853,0.09210927499279922,0.0,0.015331184986469385,-0.5708839259637911,-0.3133411193891504,-0.17808109553955248,0.023327296147452648,0.0
1.22,0.17356803022703396,0.029871944768471447,0.08539491256151722,0.0,0.01402860282910309,-0.580543267073557,-0.3143284718037131,-0.18625989365805712,0.024048193291596593,0.0
1.23,0.1697703862817746,0.041256365702281264,0.07782880928934369,0.0,0.012590859736197285,-0.5879523679949623,-0.31476432827251233,-0.19326011619648206,0.02462615065721243,0.0
1.24,0.16367228126606997,0.051768049623173704,0.06932943090117147,0.0,0.011017432400740984,-0.5931884528052553,-0.31491990283196475,-0.19830497661535115,0.025058171207946872,0.0
1.25,0.15518741252971252,0.0613268479815629,0.059801168432440745,0.0,0.009307742661588493,-0.5963287455816842,-0.3149898169644139,-0.20107923840825936,0.025326795847474753,0.0
1.26,0.14422947742249492,0.06985222912463004,0.04913428797467255,0.0,0.007461236649683882,-0.597450470401497,-0.3150336930928329,-0.20216819516082288,0.025421458809337476,0.0
1.27,0.13071217329420898,0.07726273872579904,0.03720337651813381,0.0,0.005477394975262105,-0.5966308513419417,-0.3150688521708171,-0.20179063293674915,0.02534374424241979,0.0
1.28,0.1145491974946479,0.08347517364704336,0.023865308796311206,0.0,0.003355781289196397,-0.5939471124802668,-0.3150994272012578,-0.2000539353974149,0.025099043427850472,0.0
1.29,0.09565424737360312,0.0884037078122714,0.008955971428445451,0.0,0.0010961166353903782,-0.5894764778937203,-0.3151254792528536,-0.1970302665870573,0.024693934562321624,0.0
1.3,0.07394102028086814,0.0919485569145288,-0.009382429086756412,0.001301641877826293,0.0,-0.5832961716595504,-0.3151457753700685,-0.19278066437130087,0.02413536231660271,0.0
1.31,0.04932321356623406,0.09399840492847589,-0.030020487202073825,0.003836280901346527,0.0,-0.5754834178550049,-0.3151587582741876,-0.18736228743946853,0.023430387823644278,0.0
1.32,0.02171452457949482,0.09465311681681056,-0.05073510948603755,0.006505549231408296,0.0,-0.5661154405573325,-0.31516450595285467,-0.1808297506730916,0.022586101405483044,0.0
1.33,-0.008938760875118338,0.0947229333377805,-0.07244463156637793,0.009323268992273603,0.0,-0.5552694638437808,-0.31516592802228577,-0.1732163249171921,0.021609446210183354,0.0
1.34,-0.042517732851894544,0.09427505363870958,-0.09553707312052495,0.012351659957070753,0.0,-0.5430227117915986,-0.31515815845011536,-0.16460735304406496,0.020507110539238153,0.0
1.35,-0.07856533279019363,0.09314124638240091,-0.11914057900229032,0.015555634778601288,0.0,-0.529452408478033,-0.31513774245172604,-0.1550579056490758,0.019286482502512588,0.0
1.36,-0.1165367388504449,0.09116403916706199,-0.14251853687719326,0.018871018670956124,0.0,-0.5146357779803333,-0.3151028411854991,-0.14461655619220765,0.017954823197574656,0.0
1.37,-0.1558871291930822,0.0882040109046524,-0.16497145199153082,0.022234605152412976,0.0,-0.4986500443757465,-0.315052186556283,-0.13333612589772592,0.016519248287122267,0.0
1.3800000000000001,-0.19608218328538793,0.084145066582143,-0.1859087977453448,0.025585757477103628,0.0,-0.481524990605182,-0.3149847515387385,-0.12124072646304132,0.014982552364400914,0.0
1.3900000000000001,-0.23650419743362794,0.07889837493112907,-0.2048213099137669,0.02885843376141938,0.0,-0.4633746127385265,-0.3148996695415641,-0.10840393938736251,0.013355087507980918,0.0
1.4000000000000001,-0.27659218623595144,0.07240474975371047,-0.22136671215025372,0.03199415050503725,0.0,-0.444297936987271,-0.3147962074500383,-0.09489620268305593,0.011645844070113619,0.0
1.41,-0.31580132785279236,0.06463541941743634,-0.23534727037942946,0.034938546984585254,0.0,-0.4243721874286625,-0.31463131429725955,-0.08081468112611233,0.009861838198076182,0.0
1.42,-0.35358680044457985,0.055591647088616955,-0.2466817909341297,0.03763999978758146,0.0,-0.4036745881399502,-0.31429868822108215,-0.06631378499169872,0.008013894645842162,0.0
1.43,-0.3894037821717477,0.045303362143181196,-0.25538148259240695,0.04004958863343282,0.0,-0.3822823631983812,-0.31368417677393,-0.05144805551049745,0.0061185307479569165,0.0
1.44,-0.4227074511947251,0.03382694759109184,-0.26152204395446704,0.04212097320041157,0.0,-0.36027273668120474,-0.31267812060338995,-0.036238692836833696,0.004192970391654726,0.0
1.45,-0.4530295952037324,0.02124246324029793,-0.26525255821886745,0.04381708885153419,0.0,-0.3377229326656678,-0.31117587180291945,-0.02071506740990511,0.002254033085605004,0.0
1.46,-0.48021430372656765,0.007649807511623679,-0.26687598928522177,0.045131109027017904,0.0,-0.31471017522901973,-0.3090783001579836,-0.004919334067755236,0.00031808730834902545,0.0
1.47,-0.5043560918898649,-0.006835993916113746,-0.26679005831168995,0.04608053094613397,0.0,-0.2913116884485073,-0.30629235012365347,0.010989459521852733,0.0,0.0015989950538528668
1.48,-0.5256054589371263,-0.02208945113359028,-0.26537026552025333,0.04668925185189113,0.0,-0.2676046964013794,-0.3027365014345303,0.02621283096213724,0.0,0.003481888835004666
1.49,-0.5441129041118549,-0.037978657670411836,-0.2629290215258625,0.04698211076804381,0.0,-0.24366642316488493,-0.29834437465441555,0.04047960678688468,0.0,0.005316307044268082
1.5,-0.5600289266575545,-0.05436861255407416,-0.2597161524858239,0.046984524208842846,0.0,-0.21957409281627055,-0.2930657530162141,0.05365839334692826,0.0,0.00708932536543305
1.51,-0.5735040258177279,-0.07112387899763568,-0.25592587538064016,0.04672218719372883,0.0,-0.19540492943278584,-0.28686682449519857,0.06566528963197937,0.0,0.008789474122508547
1.52,-0.5846887008358785,-0.08811067272965349,-0.2517053647028743,0.046220833965441854,0.0,-0.1712365290557703,-0.27972997324760557,0.07645690434519403,0.0,0.010406726589548543
1.53,-0.5937334509555091,-0.10519847399367897,-0.24716340839935189,0.04550605004032701,0.0,-0.1471492951462459,-0.27165319665098087,0.08602471679024735,0.0,0.01193226102912237
1.54,-0.6007887754201234,-0.12226124567812222,-0.2423770126085685,0.04460312712838,0.0,-0.12323236529264196,-0.26264923740082924,0.09438600029785313,0.0,0.0133578748222505
1.55,-0.605912175661616,-0.13917811794415125,-0.23736461868339245,0.04352858369851444,0.0,-0.0995975863891037,-0.25274455426387554,0.10156990267577269,0.0,0.014674648591055297
1.56,-0.6093477986903415,-0.15583420823785377,-0.23220549831786147,0.042315271267157124,0.0,-0.07633234451911883,-0.2419780676637203,0.10763688656282296,0.0,0.015877098877028102
1.57,-0.6112671904818384,-0.1721213254957659,-0.2269447413923149,0.04098896840195862,0.0,-0.05352505100095564,-0.2303997521734631,0.11266041681223726,0.0,0.01696077149964882
1.58,-0.61182085027961,-0.18793839691091252,-0.22160896438708938,0.03957295723054597,0.0,-0.03126719095638,-0.218069185415329,0.11671886678338177,0.0,0.017921930509537477
1.59,-0.6111592773271595,-0.20319175557507196,-0.2162207419768427,0.038089879237462224,0.0,-0.00965024950716047,-0.20505410334410945,0.11989209641713167,0.0,0.018757704231735166
1.6,-0.6094329708679896,-0.21779536172499311,-0.2108033268714962,0.03656170937636259,0.0,0.011234288224936986,-0.1914289991920912,0.12225765149039049,0.0,0.01946595524121418
1.61,-0.606792430145604,-0.2316709900607228,-0.20538350215039203,0.03500973615785498,0.0,0.03129493711814384,-0.1772737975215299,0.12388776841866149,0.0,0.020045154267921153
1.62,-0.6033881544035056,-0.24474840628361708,-0.19999394113025748,0.03345454479085046,0.0,0.050440212050694065,-0.16267262653969708,0.12484710383124398,0.0,0.02049426086150016
1.6300000000000001,-0.5993706428851977,-0.2569655502792367,-0.19467497823888263,0.03191600129414226,0.0,0.06857862790081924,-0.1477127042888339,0.1251911669541282,0.0,0.02081261289964647
1.6400000000000001,-0.5948903948341834,-0.26826873981148974,-0.18947617014267515,0.030413236009945204,0.0,0.0856186995467532,-0.1324833472364696,0.12496544742324665,0.0,0.020999826345202838
1.6500000000000001,-0.5900979094939658,-0.2786129037847861,-0.184457235145051,0.028964625271422843,0.0,0.10146894186672817,-0.1170751055150722,0.12420481649335942,0.0,0.021055706019287797
1.6600000000000001,-0.5851436861080485,-0.2879618507713003,-0.179688783494283,0.027587770409093614,0.0,0.11603786973897645,-0.10157902471508504,0.12293344145997377,0.0,0.02098016777286438
1.67,-0.5801782239199338,-0.2962885746301457,-0.17525253857690215,0.026299473583377014,0.0,0.12923399804173163,-0.08608603165903116,0.12116481438085296,0.0,0.0207731720481135
1.68,-0.5753520221731258,-0.30357559466674505,-0.17124107500863564,0.02511571027886821,0.0,0.1409658416532258,-0.07068644188059364,0.11890124959793599,0.0,0.020434668598103126
1.69,-0.5708155801111271,-0.3098153239471681,-0.16775712351072178,0.024051598689994385,0.0,0.1511419154516922,-0.055469593611237135,0.11613303838610847,0.0,0.019964552159905728
1.7,-0.5667193969774411,-0.31501045486607054,-0.16491226533119194,0.023121366572724573,0.0,0.15967073431536313,-0.04052359719932323,0.11284058291387081,0.0,0.019362629513394024
1.71,-0.5632139720155707,-0.3191743468312827,-0.16282511536951985,0.02233831654345501,0.0,0.16646081312247177,-0.02593518329499671,0.10899508418203797,0.0,0.01862859692896155
1.72,-0.5605084835608578,-0.3223315900027679,-0.16165261914662019,0.02172007230566176,0.0,0.17129632484728613,-0.011789968985476105,0.10450210951803111,0.0,0.017750835732805455
1.73,-0.5587186758824378,-0.3245183274028403,-0.16150424739610783,0.021274837729170295,0.0,0.17419149483228988,0.0018276217106559054,0.09935664704992872,0.0,0.016738331743598938
1.74,-0.5690755632886344,-0.32582066554225775,-0.16914836323827412,0.02201015122972147,0.0,0.17506114695428776,0.01483446035312247,0.09351091789124492,0.0,0.015591017271926869
1.75,-0.5791078761459599,-0.32637524647178184,-0.17797090217089104,0.022795848954333196,0.0,0.17381787675134278,0.027148516190938082,0.08690277712514356,0.0,0.014308507475839827
1.76,-0.5868766952547565,-0.32655012904884545,-0.1850466470994096,0.02344513039046772,0.0,0.17037525979581603,0.03868878458488626,0.0794596449429291,0.0,0.012890406924439015
1.77,-0.5924592446922723,-0.326609811135865,-0.18966438912076403,0.023931820407908415,0.0,0.16464699343749975,0.04937436170599427,0.0710995124252668,0.0,0.011336238796735214
1.78,-0.5959327485357554,-0.32663582302260186,-0.19248248166758558,0.024239064365990135,0.0,0.1565467750261867,0.059124592396167866,0.06172811295538325,0.0,0.00964551719881732
1.79,-0.5973744308624542,-0.3266522947633253,-0.19375022538113743,0.024366474705586713,0.0,0.14598830191166873,0.06785866357464762,0.0512376182761111,0.0,0.007817733856395077
1.8,-0.5968615157496165,-0.32666543304978296,-0.19358661403841973,0.024318829888766214,0.0,0.13288527144373888,0.07549485804354167,0.0395054418734594,0.0,0.005852394708218214
1.81,-0.5944712272744904,-0.3266758917709496,-0.19206812204760526,0.02410252148022367,0.0,0.11715138097218879,0.08194980332283672,0.026391635262161643,0.0,0.0037490870635782407
1.82,-0.5902807895143245,-0.3266826381042417,-0.18925724740528818,0.023724440796903744,0.0,0.09870032784681121,0.08713765919576522,0.01173575174771124,0.0,0.0015075472071577043
1.83,-0.5843674265463668,-0.32668411002020625,-0.1852120043043507,0.023191630959791258,0.0,0.0774458094173992,0.09096192670463221,-0.005821939486852961,0.0008722664800529412,0.0
1.84,-0.5768083624478649,-0.32667861215244265,-0.17998873406305443,0.02251118271848928,0.0,0.053301523033743844,0.09331123232115265,-0.026430862384261625,0.003389436330379953,0.0
1.85,-0.5676808212960678,-0.3266654836656671,-0.17364263949471725,0.021690198822926263,0.0,0.026181166045639102,0.09419162528611358,-0.04723446237090754,0.006041705964796219,0.0
1.86,-0.5570620271682228,-0.3266480211467076,-0.16621021672116595,0.020735688915230015,0.0,-0.003987028502688823,0.094360645543287,-0.06869222405175761,0.008836078840992216,0.0
1.87,-0.545029204141579,-0.3266223381830187,-0.15776569642860905,0.019654306469538425,0.0,-0.03715636170554922,0.09403804073752141,-0.09170062063824547,0.01183653065239526,0.0
1.8800000000000001,-0.5316525884750428,-0.32658445254561463,-0.14836827397450872,0.01845272252628217,0.0,-0.07289883601451838,0.09305620209149916,-0.11534779613473892,0.015024318907683581,0.0
1.8900000000000001,-0.5169451241910484,-0.32653231352392603,-0.13802465349333132,0.017132460448089044,0.0,-0.11073786128155064,0.09125429048761105,-0.13893806399931619,0.01834146570357448,0.0
1.9000000000000001,-0.50106643623054,-0.32646456522567907,-0.12683396659446677,0.015708071043595263,0.0,-0.1499708316137488,0.08848867640807036,-0.16166404223146624,0.021710260989122387,0.0
1.9100000000000001,-0.4840937486707667,-0.3263801687819056,-0.11485583124536594,0.014186626510057887,0.0,-0.19005292517154193,0.08463885025962002,-0.1829006081078639,0.025068744142165107,0.0
1.92,-0.46610428558897576,-0.3262782646638891,-0.10214514426230098,0.012575170512636314,0.0,-0.23043932011536397,0.0796113742015222,-0.20216040690603818,0.02835703533374856,0.0
1.93,-0.4471752710624164,-0.3261268085896904,-0.08878779192196004,0.010880730575867458,0.0,-0.27058519460564395,0.0733422379950665,-0.21909436465945903,0.031517691192644956,0.0
1.94,-0.42738392916833556,-0.3258268516626892,-0.07494645149391517,0.009113140852078065,0.0,-0.30994572680281585,0.06579786227072046,-0.2334864537582635,0.034495916831809414,0.0
1.95,-0.4068074839839825,-0.3252683318361288,-0.06069328695497415,0.007288256908916395,0.0,-0.34797609486730874,0.056974918611198896,-0.245239504981142,0.03723965614242263,0.0
1.96,-0.3855231595866042,-0.32434495713241734,-0.04605214525577426,0.005422934497542787,0.0,-0.38413147695955646,0.046898950014738025,-0.2543516765555023,0.039699575601367984,0.0
1.97,-0.36360818005345014,-0.32295476289157243,-0.031052216708890606,0.0035336900628929516,0.0,-0.4178670512399882,0.03562231642138215,-0.26089016991268155,0.04182894011292536,0.0
1.98,-0.34113976946176705,-0.321000626803811,-0.015732402371917212,0.0016366505913175157,0.0,-0.4486947163518257,0.023221540645648256,-0.2649908677094181,0.043588532949588706,0.0
1.99,-0.31819515188880376,-0.3183907304907066,-0.0001440284438773351,0.0,0.000252492742350649,-0.4763790056348732,0.009793708978619165,-0.26692087070629594,0.044964049165246926,0.0
2.0,-0.294851551411809,-0.31504113259523936,0.015209057509716494,0.0,0.002118526117100782,-0.500994545168764,-0.004548144904988903,-0.2670739103777012,0.04597094287326449,0.0
2.0100000000000002,-0.27118619210802897,-0.31088099078501485,0.029743703998246343,0.0,0.003946944643848935,-0.522691834197003,-0.019679790110263298,-0.265835477696966,0.04663293203628128,0.0
2.02,-0.24727629805471532,-0.30585474210516594,0.043294312304144184,0.0,0.005724422345726958,-0.5416213719630908,-0.03546997227554159,-0.26352905722181075,0.046974742366754474,0.0
2.0300000000000002,-0.22319909332911186,-0.29992261937053244,0.0557580118086202,0.0,0.007439008389844867,-0.5579336577105334,-0.0517838528121033,-0.26041445988143436,0.04702173168914926,0.0
2.04,-0.1990318020084711,-0.29306066665494224,0.06707196140566128,0.0,0.00908017356258552,-0.5717791906828316,-0.06848577088498164,-0.25669449948228507,0.04679958040836554,0.0
2.05,-0.1748526515039032,-0.2852603629649862,0.07720980438375262,0.0,0.010638721363593515,-0.5832780915821398,-0.0854413451222834,-0.25251074507819077,0.04633130886274424,0.0
2.06,-0.1507510578512122,-0.276527945620494,0.08617128510780717,0.0,0.012105837460239658,-0.5925100082060782,-0.10251895117648885,-0.24794733553693477,0.045636179677541536,0.0
2.07,-0.12681729203770792,-0.2668834785983597,0.09398227331026622,0.0,0.013473958822450746,-0.599748366472661,-0.11959122265174518,-0.24313540350745766,0.0447506473766555,0.0
2.08,-0.10314280322463451,-0.2563597165694141,0.10068911410256948,0.0,0.014736660783635266,-0.6051436656253921,-0.13653617061051115,-0.23813953632381377,0.04369971986762823,0.0
2.09,-0.07981907653376002,-0.24500082547915863,0.10635320414811483,0.0,0.015888657603208865,-0.608846404907774,-0.15323792492457802,-0.23300514409768258,0.04250792108675365,0.0
2.1,-0.05693759708685245,-0.23286101956618332,0.11104538223333074,0.0,0.016925690555307557,-0.6110070835633099,-0.16958727577107416,-0.22776517455740766,0.041199224277485874,0.0
2.11,-0.03458985000567762,-0.22000316942225248,0.11484087435430622,0.0,0.017844405260445513,-0.6117762008355032,-0.1854820699776928,-0.22244535372110114,0.039797003255798616,0.0
2.12,-0.012867320412004118,-0.20649742658793285,0.11781507419494835,0.0,0.018642226410922353,-0.6113042559678572,-0.20082750651619882,-0.2170683545690921,0.038323996739114796,0.0
2.13,0.00813850657240211,-0.19241990089557018,0.12004012174032665,0.0,0.019317233984430148,-0.6097417482038748,-0.21553636590355546,-0.2116571192599178,0.03680228175189084,0.0
2.14,0.02833614582577312,-0.1778514177600719,0.12158231444278582,0.0,0.019868044204920898,-0.6072391767870591,-0.22952920242464694,-0.20623779383035748,0.03525325297951533,0.0
2.15,0.047634112226341105,-0.16287637457038479,0.12250023653796267,0.0,0.02029369769877717,-0.6039470409609136,-0.2427345219621291,-0.2008419785988759,0.033697605468263996,0.0
2.16,0.06594092065233996,-0.1475817085822603,0.12284349809198437,0.0,0.02059355657004523,-0.6000158399689411,-0.2550889640486738,-0.19550873381030412,0.03215531862061309,0.0
2.17,0.08316508598200133,-0.13205598299142535,0.12265201047894084,0.0,0.020767211510783545,-0.5955960730546451,-0.2665375020661343,-0.1902860248862817,0.030645639810537417,0.0
2.18,0.09921512309355947,-0.11638859393082852,0.12195556974778944,0.0,0.020814399547648632,-0.5908382394615285,-0.27703367186760325,-0.18523190802190487,0.029187066365585473,0.0
2.19,0.11399954686524481,-0.1006690975596877,0.12077382238271012,0.0,0.0207349326716466,-0.5858928384330951,-0.28653983496079594,-0.18041521129911592,0.027797324990894275,0.0
2.2,0.1274268721752927,-0.08498665418004257,0.11911637156722013,0.0,0.020528637276148235,-0.5809103692128469,-0.2950274785431855,-0.1759158503677076,0.026493348082684588,0.0
2.21,0.13940561390193357,-0.06942958781596627,0.11698208552871836,0.0,0.020195304127377856,-0.5760413310442883,-0.3024775507066419,-0.17182466714348468,0.025291246725099255,0.0
2.22,0.14980713224388212,-0.05408516312502643,0.11434170524112781,0.0,0.019731304805386356,-0.5714459385698714,-0.3088808548984887,-0.1682480079388466,0.024207154907690653,0.0
2.23,0.15849514377867055,-0.039039540246690665,0.11115147721108219,0.0,0.01913222762133273,-0.5672986027722912,-0.3142385267832736,-0.16531014536845923,0.02325759730864222,0.0
2.24,0.16544692743415404,-0.024377533444542673,0.10740978823026774,0.0,0.018403782091276025,-0.5637378924441876,-0.3185624298842598,-0.16312446844967116,0.022454942909482262,0.0
2.25,0.17057099808856396,-0.010182471493468806,0.10308116110432476,0.0,0.0175453678379796,-0.5609143068290647,-0.3218755093454819,-0.16181335589571422,0.021811668925032442,0.0
2.2600000000000002,0.17377587062013405,0.0034637682519581417,0.09811852711278769,0.0,0.016556250790224256,-0.5589783451704251,-0.3242121215051505,-0.16150153326586214,0.021339255224244888,0.0
2.27,0.17497077815651976,0.016480670744572146,0.0924661980194415,0.0,0.015435630891410545,-0.5672672006134777,-0.32564988590446325,-0.16780743499757297,0.021874957119749447,0.0
2.2800000000000002,0.17406772327565154,0.028788830385383317,0.08606100025513211,0.0,0.014182834727797144,-0.5776724852183632,-0.3262992737069174,-0.17663192575048284,0.022682033938251,0.0
2.29,0.17098013330985742,0.04030995425071713,0.0788308860868517,0.0,0.012797217263202671,-0.5858010225145507,-0.32650304488778936,-0.18416782399012493,0.023355157392686995,0.0
2.3000000000000003,0.16562170560892933,0.050965839535933706,0.07069461909971528,0.0,0.011278057622239098,-0.5917300365792895,-0.3265711689361433,-0.18910205271065963,0.02387042925223501,0.0
2.31,0.15790613752266033,0.060678459148116815,0.061559679144523226,0.0,0.009624626818805397,-0.5955367514898268,-0.32659946309616317,-0.19218176510748244,0.024206902429831513,0.0
2.32,0.1477471264008429,0.069369667985381,0.05132009212372404,0.0,0.007836180052745348,-0.5972983913234113,-0.32661652582741446,-0.19368641357897698,0.024362903540452334,0.0
2.33,0.13505836959326792,0.07696044618672815,0.03985563181529554,0.0,0.005911983144709823,-0.5970921801572912,-0.3266299518989242,-0.19374509652673993,0.024342808889688903,0.0
2.34,0.11975356444972968,0.08337014299120282,0.02702925649031007,0.0,0.0038513806436701373,-0.5949953420687142,-0.3266408197422905,-0.1924376417682418,0.0241528851152811,0.0
2.35,0.10174640832001869,0.08851567311567947,0.012684056767624826,0.0,0.0016538638795934282,-0.5910851011349285,-0.3266482203435397,-0.1898277181180239,0.023799985325337426,0.0
2.36,0.08095059855392955,0.09230496100371809,-0.004273511927882896,0.0006808567105574925,0.0,-0.5854386814331829,-0.3266506325272927,-0.18597365394760887,0.023291141498067887,0.0
2.37,0.057279832501253625,0.09463023574361655,-0.024502691601050487,0.003152261565221802,0.0,-0.578133307040725,-0.3266463575493913,-0.18093200548496516,0.022633440706208905,0.0
2.38,0.030647807511783382,0.09550009610732646,-0.044979663348635096,0.005758418540864985,0.0,-0.569246202034803,-0.3266347192046798,-0.17475805701929048,0.021833986003687057,0.0
2.39,0.0008701977374869739,0.09566741793035037,-0.06618462270002315,0.008516690853285554,0.0,-0.5588103304432342,-0.3266189319457615,-0.1674606158959343,0.0208958050114699,0.0
2.4,-0.03204684527978974,0.095356628815539,-0.08903745734975643,0.011494283688912612,0.0,-0.5469041683297179,-0.3265951189247004,-0.15911125803094456,0.019825671274556072,0.0
2.41,-0.06753746486817305,0.09440298483762367,-0.1125879816622181,0.014660468431534086,0.0,-0.5336590808250232,-0.32655926278805414,-0.14980724113067537,0.018635756571029054,0.0
2.42,-0.10506035625366397,0.09264546652591393,-0.1360860275866622,0.01795170069821589,0.0,-0.5191522920063987,-0.3265093191990229,-0.1396003094179765,0.017333372629651008,0.0
2.43,-0.14407069759669644,0.08993963685069976,-0.15881236171109175,0.021304454771034934,0.0,-0.5034610259510912,-0.32644393864961796,-0.12854348354526432,0.015925653607686153,0.0
2.44,-0.18402366705769718,0.08616334931720863,-0.18014276408403324,0.024656697351755727,0.0,-0.4866625067363509,-0.326362072581776,-0.116690659625997,0.014419671127805966,0.0
2.45,-0.22437444279710247,0.08122082296683625,-0.1995768676761913,0.027948401290288,0.0,-0.46883395843942394,-0.3262628456226175,-0.1040960273709032,0.012822469727188313,0.0
2.46,-0.2645782029753365,0.07504519027811489,-0.2167493827280986,0.031121912334795547,0.0,-0.4500526051375618,-0.32612697996139367,-0.09083008123723355,0.011141078356344989,0.0
2.47,-0.3040901257528405,0.06759963523787818,-0.2314275499956222,0.03412217844278599,0.0,-0.430395670908008,-0.32585944499322533,-0.07705864321730142,0.009384182185195291,0.0
2.48,-0.34236538929003874,0.058877434165341934,-0.24349869277997663,0.03689685220751253,0.0,-0.4099403798280141,-0.3253496931907342,-0.06287075908149331,0.007567284135130992,0.0
2.49,-0.37885917174736733,0.048900710501500945,-0.25294797052051615,0.039396294532143834,0.0,-0.388763955974826,-0.3244908443550243,-0.048289879395852234,0.005707283650568261,0.0
2.5,-0.41302665128525323,0.037718487953652624,-0.25983254873743933,0.04157346256080788,0.0,-0.3669436234256942,-0.32318025861738814,-0.033344172215505126,0.003820750116360292,0.0
2.5100000000000002,-0.44435983749991975,0.025404170883515494,-0.2642723121529174,0.04338704929082152,0.0,-0.3445566062578656,-0.3213200490150743,-0.018070718394891466,0.0019238712876429721,0.0
2.52,-0.472543707543178,0.012052226350396655,-0.26649482545548686,0.04481530905840241,0.0,-0.32168012854858846,-0.318817633658562,-0.0025203153454082684,3.240715801627214e-05,0.0
2.5300000000000002,-0.49763299844766434,-0.0022262924631075284,-0.266885964878638,0.04587167023182549,0.0,-0.29839141437510935,-0.3155874027724296,0.01293477391846675,0.0,0.0018383597355107408
2.54,-0.5197782094568791,-0.017308535957957845,-0.2658378873992101,0.04657967252943944,0.0,-0.27476768781467925,-0.3115562654639249,0.02760994889400926,0.0,0.00367377434619753
2.5500000000000003,-0.5391298398143273,-0.03306412323174464,-0.263682212921101,0.046963917347073246,0.0,-0.25088617294454496,-0.3066662577603531,0.04132167034674909,0.0,0.005460308326744195
2.56,-0.5557400541394207,-0.04935842687837968,-0.26064450628555014,0.04704083378169084,0.0,-0.22682034034567627,-0.3008751535295622,0.05396243859296711,0.0,0.0071861325673209155
2.57,-0.5698068484103216,-0.06605542587282984,-0.2569527610765377,0.04684035793787478,0.0,-0.20265742375634152,-0.2941565755811954,0.06545744583795678,0.0,0.008839595679589859
2.58,-0.5815532564472442,-0.08302021151822178,-0.2528004777155646,0.04639480475169729,0.0,-0.178479524079587,-0.2864997079227462,0.07577214879682544,0.0,0.010410934635144756
2.59,-0.5911297774936902,-0.1001208353973735,-0.24830924565626536,0.04572986093779216,0.0,-0.1543661410049571,-0.2779086385355396,0.08490747151699653,0.0,0.01189202102260102
2.6,-0.5986869107931638,-0.11722963100762446,-0.24356366666576368,0.04487094678562113,0.0,-0.13040529258627281,-0.2684014372436614,0.09288758309031685,0.0,0.013275301135434011
2.61,-0.6043751555891682,-0.13422418629488003,-0.2386240885696871,0.043843097212338936,0.0,-0.10668802006016531,-0.25800903897883143,0.09975644489210059,0.0,0.014554207546514647
2.62,-0.6083450111252064,-0.15098808834414007,-0.23353713983548344,0.04267087423472938,0.0,-0.08330580854840054,-0.24677398117964472,0.10557354609930576,0.0,0.015723290738738783
2.63,-0.6107469766447814,-0.16741148600711103,-0.22833708863998198,0.04137829994705772,0.0,-0.060350143172748574,-0.23474905048676525,0.11040858403885709,0.0,0.016778145420620654
2.64,-0.6117315513913965,-0.1833915043540202,-0.2230505099393825,0.039988805884585685,0.0,-0.037912509054975244,-0.22199589305143894,0.11433634711278362,0.0,0.017715288728861103
2.65,-0.6114492346085549,-0.19883255328646238,-0.21770038649657045,0.03852519572290813,0.0,-0.01608439131684647,-0.20858363507188257,0.11743238373305177,0.0,0.018532035156113322
2.66,-0.6100505255397598,-0.21364656579270713,-0.21230956375796567,0.03700961750279677,0.0,0.005042724919867857,-0.19458755120770901,0.11976944092144028,0.0,0.01922637239925754
2.67,-0.6076859234285142,-0.2277531947590427,-0.20690359649204187,0.03546354218722264,0.0,0.025377354533401803,-0.18008780914208636,0.12141480426901445,0.0,0.019796841516699977
2.68,-0.6045059275183216,-0.24107999281131273,-0.2015133019160924,0.033907745948335094,0.0,0.04482801240198814,-0.1651683106381756,0.12242829484514485,0.0,0.020242423938966705
2.69,-0.6006610370526845,-0.25356259393391356,-0.19617662947135797,0.03236229398172345,0.0,0.06330321340386066,-0.1499156426676413,0.12286089814826794,0.0,0.020562437163783264
2.7,-0.5963017512751068,-0.26514491142892205,-0.19094026123936184,0.03084652416070739,0.0,0.08071147241724995,-0.13441814578601505,0.1227540262830658,0.0,0.020756440357640214
2.71,-0.5915785694290915,-0.27577936282278714,-0.1858607677792092,0.02937902922001525,0.0,0.09696130432038985,-0.1187651030866664,0.12213902403961696,0.0,0.020824150509576443
2.72,-0.5866419907581418,-0.2854271287594318,-0.18100544561867285,0.027977636514181926,0.0,0.11196122399151319,-0.10304604947623547,0.12103708453402616,0.0,0.020765369437036163
2.73,-0.5816476419244974,-0.29405846349488807,-0.1764552456995842,0.026659846184855902,0.0,0.1255500431497238,-0.08735038054338559,0.11942786422091016,0.0,0.020573648336336334
2.74,-0.5767615458863388,-0.3016530816586597,-0.17230802226064357,0.025443277415230565,0.0,0.13766725208511532,-0.07176690392686214,0.11732317197153383,0.0,0.020251586936565084
2.75,-0.572135247441034,-0.308200550888641,-0.16866557455265468,0.02434339492041368,0.0,0.14824690449258957,-0.056383383502641625,0.11472523590016234,0.0,0.019801242757750654
2.7600000000000002,-0.5679192458320858,-0.3137006781770502,-0.16563767463093335,0.023374682544910028,0.0,0.15719751525038023,-0.04128626282855043,0.11161513355185264,0.0,0.01922228088777197
2.77,-0.5642640403029973,-0.3181638981033615,-0.16334153952240527,0.022550702591335233,0.0,0.16442759923671998,-0.026560525379289955,0.10796375433307509,0.0,0.01851424758587434
2.7800000000000002,-0.5613201300972716,-0.32161164836879724,-0.1618996229575753,0.021884060879451904,0.0,0.16984567132984194,-0.012289647642549594,0.10373329580337587,0.0,0.01767655770382187
2.79,-0.5592380144584124,-0.32407670966199126,-0.16143663931672333,0.021386372948065363,0.0,0.1733602464079781,0.0014443648237884498,0.09887753986887508,0.0,0.01670849046454749
2.8000000000000003,-0.5654588379383209,-0.3256284851821007,-0.16642640308780543,0.021724391544869666,0.0,0.17488040935875174,0.0145608902091873,0.09334199155884258,0.0,0.015609244008146695
2.81,-0.5762370942907661,-0.3263736733771096,-0.17526784322627104,0.022554774819779886,0.0,0.17431756979996038,0.026980468887841946,0.08706459189307168,0.0,0.014378101163169576
2.82,-0.584725349774345,-0.3266164669197809,-0.18313199974656155,0.023251650875751186,0.0,0.17158500682389874,0.038624757702668516,0.07997480591155783,0.0,0.013014408414245112
2.83,-0.5910008284663063,-0.32669615440614386,-0.1884088647488314,0.02379459253918729,0.0,0.1665964177803593,0.04941567743925665,0.07199282134008397,0.0,0.011517449406992172
2.84,-0.595140754443898,-0.3267276331460224,-0.19175810648521063,0.024160014003397876,0.0,0.1592655000191345,0.059275280932377904,0.0630282357837202,0.0,0.009886484032189006
2.85,-0.5972223517843686,-0.32674547903426415,-0.1935022455764632,0.024344524677451157,0.0,0.14950595089001598,0.06812559916852359,0.05297723720708732,0.0,0.008120760296187426
2.86,-0.5973228445649659,-0.3267591487877443,-0.1937841681029948,0.024351962897763153,0.0,0.13723146774279738,0.07588790715390564,0.04172207728888473,0.0,0.006219528171684641
2.87,-0.5955194568629378,-0.3267702941776274,-0.19268818720099606,0.024188427726767416,0.0,0.12235574792727058,0.08248197075578738,0.02912865817539013,0.0,0.004182105669602845
2.88,-0.5918894127555331,-0.32677817706340756,-0.19027946327136636,0.023860720672011514,0.0,0.104792488793228,0.08782525620622872,0.01504354573890421,0.0,0.002007946623369656
2.89,-0.5865099363199993,-0.32678134202201475,-0.18661677246365058,0.023375858333093254,0.0,0.08445538769046061,0.0918294395981288,-0.0011315139246689046,0.00030328816641912964,0.0
2.9,-0.579368237074557,-0.3267780356807476,-0.18170061506591928,0.0227328205547288,0.0,0.061090126780254016,0.09438700907068451,-0.021356286893734932,0.00276653815360873,0.0
2.91,-0.570625287681185,-0.32676707912975944,-0.17563192246991496,0.02194625268003937,0.0,0.03473607885203206,0.09544805660792875,-0.041988265279770016,0.005368583719678721,0.0
2.92,-0.5603757111819702,-0.3267516505703427,-0.16846730297529913,0.021024776884698965,0.0,0.005336839203633054,0.09567863855672155,-0.06303826254483193,0.008110009566386614,0.0
2.93,-0.54869673165416,-0.32672901007617067,-0.16027412857069898,0.019975057297543557,0.0,-0.027095112907360223,0.09543379660872219,-0.08564600696150731,0.01104963763176736,0.0
2.94,-0.5356655731750036,-0.3266948073338413,-0.15112217322784316,0.018804290678894966,0.0,-0.06217609372182774,0.09457158218850667,-0.10908151165977327,0.014184890129749494,0.0
2.95,-0.521359459821749,-0.3266467941847683,-0.14105918476696974,0.017519818723911694,0.0,-0.09938285122577731,0.0929296372874138,-0.1325841534254301,0.017455899007285558,0.0
2.96,-0.5058556156716429,-0.3265835449024503,-0.13013720888092614,0.016128793933818723,0.0,-0.13817056357964286,0.0903610229473866,-0.15542967801759905,0.0207990180780351,0.0
2.97,-0.4892312648019357,-0.32650397267874615,-0.11840994645612209,0.014638294790953688,0.0,-0.17799440894385118,0.08674020731428535,-0.1769780356417138,0.024151988870211402,0.0
2.98,-0.47156363128987433,-0.3264071770060669,-0.10593154809371698,0.013055369275001538,0.0,-0.21830956547883607,0.08196738301843778,-0.19670899513329962,0.027454479551380927,0.0
2.99,-0.4529299392127072,-0.32628540136391354,-0.09275802250868814,0.011387048598597625,0.0,-0.2585712113450291,0.07597126129518347,-0.21423606253781163,0.03064847349271202,0.0
3.0,-0.43340741264768107,-0.3260472075609007,-0.07905806028840122,0.009640981015539079,0.0,-0.298234524702864,0.06871038674624738,-0.22930575793175578,0.03367852073982427,0.0
3.0100000000000002,-0.41307327567204644,-0.32558167245194763,-0.06493671057586485,0.007832346130003115,0.0,-0.3367546837127676,0.06017341742058443,-0.2417872961035714,0.03649185634131135,0.0
3.02,-0.3920047523630503,-0.3247814377043583,-0.050417215609341016,0.005978077191999242,0.0,-0.373586866535174,0.050378027872266626,-0.2516511587673247,0.03903842555601826,0.0
3.0300000000000002,-0.3702790667979409,-0.32354329845538776,-0.035526935865655994,0.004094786618422436,0.0,-0.4081862513305144,0.039369072897826235,-0.2589439213724363,0.04127078512825029,0.0
3.04,-0.3479734430539649,-0.3217687146730095,-0.02030137794490328,0.0021987130138719406,0.0,-0.440024958648013,0.027216195598717446,-0.26376979265379125,0.043145462839125535,0.0
3.0500000000000003,-0.3251651052083732,-0.31936435431266647,-0.004789105723015282,0.0003056751481827352,0.0,-0.46870840945148273,0.014010777384033148,-0.2663177428734725,0.04463321445451802,0.0
3.06,-0.30193127733841246,-0.31624332715184744,0.010732974617940075,0.0,0.0015689769276828604,-0.4942714517265621,-0.00013841951845134856,-0.2669677178701282,0.04574540061995357,0.0
3.0700000000000003,-0.2783321909164015,-0.3123304695748706,0.025549075664683594,0.0,0.0034120022611901354,-0.5166817632005677,-0.015109634844846561,-0.2660401175129508,0.04648890093139047,0.0
3.08,-0.2544725454769948,-0.30756553141808957,0.03941528679926545,0.0,0.005207213168808819,-0.5362887496509142,-0.030772799392516745,-0.26396174920323523,0.0469061203325461,0.0
3.09,-0.23043021523550666,-0.3019040305232246,0.05221373039991185,0.0,0.0069421784564324615,-0.5532485219906567,-0.04699348113986089,-0.2610204351145667,0.04702281503383259,0.0
3.1,-0.20628242426918356,-0.29531739595013917,0.06387055450932176,0.0,0.008605944562863696,-0.5677115794633,-0.06363584906170246,-0.25743341848624657,0.04686462884910952,0.0
3.11,-0.18210639665527373,-0.287792691338976,0.07435002388913754,0.0,0.01018898993653789,-0.5798284213123472,-0.08056498485983936,-0.25336590927647695,0.04645733150255803,0.0
3.12,-0.15798122415870275,-0.279331987747018,0.08364936199500674,0.0,0.011683032046224593,-0.5897495467813021,-0.09764867487179603,-0.24894104468568146,0.04582661057293165,0.0
3.13,-0.1339932931348384,-0.2699514704042945,0.09179012563851276,0.0,0.013080482515096165,-0.5976254551136665,-0.11475877657735782,-0.24424785662714973,0.04499791022176834,0.0
3.14,-0.11023323689569613,-0.2596803453718065,0.09881379828210375,0.0,0.014374641015773853,-0.6036066455529443,-0.13177223645217714,-0.23934949449511708,0.04399630820780278,0.0
3.15,-0.08679254056304174,-0.24855959518946408,0.10477790529787395,0.0,0.015559902432788828,-0.6078436173426389,-0.14857186749792764,-0.23429498931915932,0.04284642428014156,0.0
3.16,-0.06376268925864538,-0.2366406364823318,0.10975091945436367,0.0,0.016631721533773687,-0.6104868697262529,-0.16504694131933387,-0.22912044609986784,0.04157235020054927,0.0
3.17,-0.041235168104272864,-0.22398393391323648,0.1138070837564563,0.0,0.017586492154025305,-0.6116869019472897,-0.18109362476464902,-0.22385349747615912,0.04019759645651603,0.0
3.18,-0.019301462221691417,-0.2106576180825232,0.11702199804018232,0.0,0.01842142245223906,-0.6115942132492528,-0.19661530450284956,-0.2185176141591809,0.03874505296361434,0.0
3.19,0.0019469432673329804,-0.19673614640305495,0.11946891494568194,0.0,0.019134410521487056,-0.6103593028756449,-0.21152283582151649,-0.21313556266947753,0.03723695985355158,0.0
3.2,0.02241856324103049,-0.18229903644056172,0.12121598267239964,0.0,0.01972392386796769,-0.6081326700699694,-0.2257347460531886,-0.20773247341670803,0.03569488508236076,0.0
3.21,0.04202191257763518,-0.16742969330600857,0.12232411177840598,0.0,0.02018888541163772,-0.6050648140757294,-0.23917741699543513,-0.2023382469191698,0.03413970612202867,0.0
3.22,0.06066550615537979,-0.15221434513309515,0.12284561395298788,0.0,0.020528567951524954,-0.6013062341364283,-0.251785266155525,-0.19698965034740484,0.03259159354268938,0.0
3.23,0.07825022114524594,-0.13674111553328208,0.12281974028821907,0.0,0.0207418109650507,-0.5970049202448047,-0.26350093564419785,-0.19173079627510187,0.031069768868035176,0.0
3.24,0.09461528261751026,-0.12109938905618862,0.12224736196434792,0.0,0.02082207583357131,-0.5923029080258233,-0.2742754856293872,-0.18661237434518374,0.029592177514346292,0.0
3.25,0.10973294403501477,-0.10537902215802186,0.12117785352092379,0.0,0.020774909978208307,-0.5873833662795689,-0.284068728222984,-0.1817154640116994,0.028179709258516355,0.0
3.2600000000000002,0.12351172027599217,-0.08966965366744752,0.11962714150259193,0.0,0.020600166819061263,-0.582396794249544,-0.292849570545232,-0.17711899004771206,0.026849525942390408,0.0
3.27,0.135860126218676,-0.07406021500733086,0.1175979209379314,0.0,0.020297680189751116,-0.577493691179252,-0.30059634604048463,-0.17291130057040482,0.0256179708570618,0.0
3.2800000000000002,0.14668667674129734,-0.05863857148152333,0.11508078815910279,0.0,0.019867220257376538,-0.5728245563121965,-0.307297171375389,-0.16919109962798184,0.02450053892445407,0.0
3.29,0.1558998867220899,-0.043491280185698984,0.11205643107766682,0.0,0.019308461238325192,-0.5685398888918803,-0.3129503250747019,-0.16606655880949703,0.023511844576484222,0.0
3.3000000000000003,0.16340827103928676,-0.0287034442157052,0.10849679061229527,0.0,0.018620959610248716,-0.5647901881618065,-0.31756463544534647,-0.1636537907125114,0.022665587677839414,0.0
3.31,0.16912034457111977,-0.014358655031761031,0.1043652653099769,0.0,0.017804140990814246,-0.5617259533654786,-0.3211598593300168,-0.16207450216036617,0.02197451861281189,0.0
3.3200000000000003,0.17294462219582218,-0.0005390173766283398,0.09961691953635532,0.0,0.01685729495048249,-0.5594976837463996,-0.3237670292455219,-0.16145319887124127,0.021450404197474456,0.0
3.33,0.17479004056098374,0.012674767242309402,0.09419851476587159,0.0,0.015779615214385086,-0.5636504752631641,-0.3254471886859394,-0.16512367915647777,0.0215895101415878,0.0
3.34,0.1745674163242692,0.025203210824782517,0.08804906903267688,0.0,0.014570338417376382,-0.574801703363169,-0.32630364374203646,-0.17396914785089834,0.022441906320950666,0.0
3.35,0.17218988033794014,0.03696793202786888,0.08109956297276279,0.0,0.013228800256184187,-0.5836496770341392,-0.3265926437023425,-0.18216881947827449,0.023161142996289245,0.0
3.36,0.16757112995178908,0.0478910133270028,0.0732715417194124,0.0,0.011754287813152818,-0.5902716203533233,-0.32668630204519755,-0.18780442814527148,0.02373110789858827,0.0
3.37,0.1606248625156084,0.057894600366533995,0.06447672349805485,0.0,0.010146046426974505,-0.5947447573979693,-0.32672187479419995,-0.1914281995817304,0.024125260981749455,0.0
3.38,0.15126477537918978,0.06690091071017239,0.054613425861397134,0.0,0.008403315751139022,-0.5971463122453258,-0.3267409443959467,-0.19341333019528248,0.024338199370601325,0.0
3.39,0.13940456589232686,0.07483152504991543,0.0435663259366298,0.0,0.006525328966393902,-0.5975535089726405,-0.3267551516176136,-0.1939188534899079,0.02437313081190244,0.0
3.4,0.12491724489546402,0.08160651317205599,0.03118293943960381,0.0,0.0045077147860993734,-0.5960157462548094,-0.3267668091363694,-0.19301695422553278,0.024233453517347618,0.0
3.41,0.10761004155453921,0.08714325558958241,0.017251890807533737,0.0,0.0023403175544234904,-0.5925494730290037,-0.32677532903961987,-0.19073436528650717,0.023920439750337093,0.0
3.42,0.08753136611171468,0.09135577574154138,0.0016607047948516331,0.0,3.492994699190386e-05,-0.5873316469054423,-0.3267792969013305,-0.1871879080983949,0.023450068607924014,0.0
3.43,0.06459491591678508,0.09413719476667361,-0.018430678813026045,0.0024084773842280673,0.0,-0.5804394919613733,-0.3267769935668222,-0.18244170877944924,0.022829417555403856,0.0
3.44,0.03871438831954184,0.09538244763665493,-0.03905600697946674,0.0049880525802418595,0.0,-0.5719502322740451,-0.32676683452829997,-0.17655222966635722,0.022065591483650056,0.0
3.45,0.009803480669777338,0.09567409105057927,-0.05988066810169694,0.007702107027018984,0.0,-0.5619410919207054,-0.3267519665572636,-0.16956323342800753,0.02116568316531649,0.0
3.46,-0.022143380534930708,0.09549387169841668,-0.08223386600529523,0.010603572442695898,0.0,-0.550489294978602,-0.32673071876039794,-0.16153137108653806,0.02013635955792046,0.0
3.47,-0.056814722575482424,0.09472212513532136,-0.10554772796474274,0.013707773484650918,0.0,-0.537672065524984,-0.3266983951555264,-0.152531936127046,0.018984721208812748,0.0
3.48,-0.09370534619789064,0.09319518023316413,-0.12905052477502607,0.01695847241998908,0.0,-0.5235666276370993,-0.32665254008610844,-0.14261278502150698,0.017718140923341556,0.0
3.49,-0.1322704295625893,0.09076360734776363,-0.15201234933895796,0.02029190488161781,0.0,-0.5082502053921947,-0.3265916500658038,-0.1318254907035474,0.01634378987754776,0.0
3.5,-0.17196515083000521,0.08729848406594556,-0.17377761933440414,0.023645588235999198,0.0,-0.4918000228675204,-0.32651459943978084,-0.12022362364577656,0.014868753552154492,0.0
3.5100000000000002,-0.21224468816057213,0.08269595419463054,-0.19380624982495642,0.0269588855003866,0.0,-0.4742933041403236,-0.326420462288227,-0.10786128260781633,0.01330008342304885,0.0
3.52,-0.2525642197147216,0.07688026379643573,-0.21169039855214802,0.030173415651841694,0.0,-0.45580727328785253,-0.3263065923299397,-0.09479278834716157,0.011644812989966297,0.0
3.5300000000000002,-0.2923789236528875,0.06980528117311399,-0.22715580416671863,0.03323332687043909,0.0,-0.4364191543873541,-0.3260933651980122,-0.08116192576241738,0.0099101305851673,0.0
3.54,-0.3311439781354965,0.06145497417753367,-0.2400529220529427,0.03608543333777494,0.0,-0.4162061715160787,-0.32566941025658686,-0.06710539165231225,0.008110152568625986,0.0
3.5500000000000003,-0.36831456132298274,0.05184250220296005,-0.2503371405037959,0.03867925819504647,0.0,-0.3952455487512734,-0.3249267994280538,-0.05264584799415531,0.006261852464521787,0.0
3.56,-0.4033458513757775,0.04100848597299253,-0.25804406948484016,0.04096695182208638,0.0,-0.3736145101701864,-0.323761667302209,-0.037809857233859004,0.004381893966791932,0.0
3.5700000000000003,-0.4356151844073581,0.029018954843220732,-0.2632261387206934,0.04289613033423155,0.0,-0.35137822102188276,-0.3220746812596505,-0.022623556008617433,0.0024854898347706376,0.0
3.58,-0.4645892721421507,0.015962811401389335,-0.26600616997102106,0.044424740428683426,0.0,-0.3286113678760695,-0.3197715414093042,-0.007130321482221319,0.0005883017954777087,0.0
3.59,-0.4904417653044218,0.0019471965046923617,-0.2668337087940731,0.045576411903523004,0.0,-0.3054169041362602,-0.3167639542509692,0.008457649217530842,0.0,0.0012919173545739584
3.6,-0.5133202164794668,-0.012907672039147021,-0.26612378268601883,0.046374067168574326,0.0,-0.2818720538797032,-0.3129746947253002,0.023400106805024055,0.0,0.0031402710334139396
3.61,-0.5333751249107903,-0.028472991523977458,-0.26422683312797923,0.0468420707584479,0.0,-0.2580540411836451,-0.30834123098597455,0.037413058124017816,0.0,0.004942858818748959
3.62,-0.5507569898418926,-0.044615104194917696,-0.2614271670244494,0.04700555984861236,0.0,-0.23404009012533702,-0.3028167382557847,0.0503732600617833,0.0,0.006687102677457377
3.63,-0.5656163105162785,-0.0611985151950219,-0.2579490779065373,0.04689010856892247,0.0,-0.2099074247820256,-0.29637030100129497,0.06220148504113949,0.0,0.00836183821263832
3.64,-0.5781035861774517,-0.07808828750140302,-0.2539649472251771,0.04652145638841868,0.0,-0.1857332692309575,-0.2889866927786192,0.0728565862441279,0.0,0.009957332859330372
3.65,-0.5883693160689139,-0.09515190891965535,-0.24960403733704195,0.04592529257107597,0.0,-0.16159630731244837,-0.28066579787482315,0.082331201980064,0.0,0.011465134691955377
3.66,-0.596563999434169,-0.11226072130564031,-0.24496044328283278,0.04512708814630624,0.0,-0.13758129368340402,-0.27142175281435726,0.09064384475196079,0.0,0.012877605377227722
3.67,-0.6028381355167204,-0.12929098922617982,-0.24010056984765424,0.04415196727899721,0.0,-0.11377845373122694,-0.26128187977853706,0.09783321290161578,0.0,0.01418789691748173
3.68,-0.6073422235600713,-0.14612471108392086,-0.23507578587780706,0.04302461109005023,0.0,-0.09027927257768295,-0.2502854629710591,0.10395461498142884,0.0,0.015390234648076869
3.69,-0.6102267628077243,-0.16265024085916632,-0.22992405998159407,0.0417691846551423,0.0,-0.0671752353445422,-0.23848241891450145,0.10907510980807676,0.0,0.01647992048638652
3.7,-0.6116422525031829,-0.17876274802570571,-0.22467422802254555,0.040409281047961494,0.0,-0.044557827153570484,-0.22593191492447678,0.11326830752181706,0.0,0.01745321325848379
3.71,-0.6117391918899505,-0.1943645586201137,-0.2193502517544374,0.03896787994778204,0.0,-0.022518533126535064,-0.212700984992047,0.11660975264423974,0.0,0.018307204361814756
3.72,-0.6106680802115301,-0.2093654150615439,-0.21397488448176355,0.037467316943227476,0.0,-0.001148838385201896,-0.19886318318408425,0.11917318549366523,0.0,0.019039693194616063
3.73,-0.6085794167114246,-0.22368268617081064,-0.20857278740313395,0.03592926014848925,0.0,0.019459771948659173,-0.18449730533520628,0.12102763198225566,0.0,0.019649065961946908
3.74,-0.6056011057683902,-0.23724149331087618,-0.20316276285582563,0.03437265776378216,0.0,0.03918504723113422,-0.16968628674395916,0.12222055369143048,0.0,0.020131411730970647
3.75,-0.6018977902504178,-0.24997489663733688,-0.19778546617237247,0.03281906672455874,0.0,0.057923144915634925,-0.15451619368660394,0.12279902784468215,0.0,0.02048484884936347
3.7600000000000002,-0.5976501173285482,-0.26182419042618205,-0.19249950296867072,0.03129076986220902,0.0,0.07561251389676613,-0.13907518346473086,0.12282153815870037,0.0,0.020711583682503306
3.77,-0.5930085862462852,-0.2727391697095449,-0.1873603726806853,0.02980659562380928,0.0,0.09216166905275838,-0.12345260332992937,0.12232431446975754,0.0,0.02081131672657403
3.7800000000000002,-0.5881236962471317,-0.28267838312942406,-0.18243255533008526,0.02838460738838281,0.0,0.10747912526184561,-0.10773825492047678,0.12133185925868663,0.0,0.020783855573259746
3.79,-0.5831459465745904,-0.2916094165801156,-0.1777913951370713,0.027042080710064968,0.0,0.12147339740226135,-0.09202178346643597,0.11985832656073298,0.0,0.020629048709046433
3.8000000000000003,-0.5782258364721652,-0.29950921272724657,-0.17352329979609413,0.025795477790284467,0.0,0.13405300035223666,-0.07639218385087995,0.11790758620826722,0.0,0.02034673054368054
3.81,-0.573513865183359,-0.3063644230606127,-0.16972534466995828,0.02466041872105012,0.0,0.14512644899000512,-0.06093742600708579,0.11547187498181902,0.0,0.019936676955679657
3.8200000000000003,-0.5691605319516749,-0.3121717843534109,-0.16650432674867166,0.023651649800195605,0.0,0.15460225819379958,-0.04574419774934156,0.11253323946986198,0.0,0.019398571578079685
3.83,-0.5653163360206158,-0.3169385063350149,-0.1639751578469785,0.022783009650048442,0.0,0.16238894284185312,-0.030897745859053447,0.10906490903286226,0.0,0.018731982653207524
3.84,-0.5621317766336855,-0.32068265351411673,-0.16225881282986762,0.022067394326880353,0.0,0.1683950178123976,-0.01648180590182026,0.10503159569182385,0.0,0.017936348730430596
3.85,-0.5597573530343869,-0.3234334991831878,-0.16147950618651863,0.021516722956824316,0.0,0.1725289979836663,-0.0025786152455463006,0.10038965530624992,0.0,0.017010972349693794
3.86,-0.5618421125880074,-0.32524375315033016,-0.1638371751665182,0.021456775206433763,0.0,0.17469967176321574,0.010731007940746037,0.09508715703101892,0.0,0.015955045830788585
3.87,-0.573366312435572,-0.32621331820288213,-0.1726844384050728,0.022331030335671766,0.0,0.17481726284857801,0.02336750712085805,0.08906421316975591,0.0,0.014767762941704876
3.88,-0.5825740042939332,-0.3265493662515262,-0.1812183402363354,0.0230724617481946,0.0,0.17279475385198156,0.03525241942766721,0.0822533518883104,0.0,0.013448452205801117
3.89,-0.5895424122403402,-0.326657285418184,-0.18721315549091389,0.02366937413899326,0.0,0.16854584212321885,0.04630794603235386,0.07457744782946552,0.0,0.011996408042599648
3.9,-0.5943487603520405,-0.3266970682385892,-0.19111173866829922,0.024092232744047086,0.0,0.1619842250120823,0.056456278468376385,0.0659503444983729,0.0,0.010410865108175559
3.91,-0.596988740658232,-0.3267173849845626,-0.19328699445813438,0.024326250517767857,0.0,0.1529218083689226,0.06561948242701558,0.05622174703837662,0.0,0.00868189769104916
3.92,-0.5975772029665684,-0.326732047923753,-0.19393147239625713,0.02437738361838052,0.0,0.14129810327387182,0.07371871812362138,0.045282730362814126,0.0,0.006811075876217061
3.93,-0.596246410662484,-0.3267440459233807,-0.19317668558154885,0.024256292646485787,0.0,0.1270903430449935,0.08067369804639178,0.03303560936523588,0.0,0.0048034462429234915
3.94,-0.5930735878232274,-0.3267530475074286,-0.1910957382095175,0.023969658770986203,0.0,0.1102122250320801,0.08640203039965996,0.019336154477366193,0.0,0.0026584674287119486
3.95,-0.5881359585260465,-0.32675773267062264,-0.1877490573287235,0.02352446199167561,0.0,0.09057744658492277,0.09081837198143153,0.004014623178645682,0.0,0.0003757874566736526
3.96,-0.5815107468481897,-0.32675641952312023,-0.1831939608912631,0.022927771275981036,0.0,0.06809970505331614,0.09381861034266126,-0.015482086000917277,0.002044680023530385,0.0
3.97,-0.5732751768669051,-0.3267474682148186,-0.17748621145044577,0.02218668816094064,0.0,0.04269269778705162,0.09529291456005617,-0.0360447183475152,0.004601332130004868,0.0
3.98,-0.5635064726594401,-0.32673317066828267,-0.17067255575167836,0.021308310400015937,0.0,0.014270122135919817,0.0956868599687834,-0.05675043717583688,0.007292051318172272,0.0
3.99,-0.552281858303044,-0.3267132846582321,-0.1628025384232059,0.02029938188712852,0.0,-0.017191648162501193,0.09559927647969063,-0.07886809421548548,0.010159065731815613,0.0
4.0,-0.5396785578749644,-0.32668284061365027,-0.15395544890258883,0.019166874589505913,0.0,-0.0514533514291371,0.09494369103870687,-0.10208638222525805,0.013234736511794496,0.0
4.01,-0.5257737954524495,-0.32663915140268235,-0.14418009613076083,0.01791818593549193,0.0,-0.08802784117000398,0.09355496508176109,-0.1256101510644257,0.016467437898783976,0.0
4.0200000000000005,-0.5106447951127455,-0.3265806297487858,-0.13352743746162707,0.016560507933905684,0.0,-0.12637029554553814,0.0912810611922661,-0.14870440601526888,0.01979327345645693,0.0
4.03,-0.4943687809331051,-0.326506109816036,-0.12205091608169835,0.015100933606588735,0.0,-0.16593589271615924,0.08798960077745013,-0.17069800497474424,0.023149525851758283,0.0
4.04,-0.4770229769907729,-0.3264146402026382,-0.10980460258665518,0.013546518045726322,0.0,-0.2061798108423082,0.0835726653935777,-0.19103136103697194,0.02647524704577825,0.0
4.05,-0.45868460736299793,-0.32630541034930705,-0.09684278920361851,0.011904297044432374,0.0,-0.24655722808441413,0.07795006588228556,-0.20927561372811976,0.029711690413019264,0.0
4.0600000000000005,-0.43943089612702596,-0.3261119280168182,-0.08328898405080047,0.010181293719994702,0.0,-0.28652332260291336,0.07107108111119943,-0.22513627027993194,0.03280260496366791,0.0
4.07,-0.419339067360111,-0.32572492354509724,-0.0692967981541507,0.008390442540896352,0.0,-0.3255332725582254,0.06291509520241541,-0.23844557109888764,0.03569439183024824,0.0
4.08,-0.39845309506656285,-0.3250357717107277,-0.05487596571159957,0.006545535436931904,0.0,-0.3629379764066988,0.05349119657064068,-0.24909179668601755,0.03832677644482028,0.0
4.09,-0.37688103588467653,-0.3239397381368605,-0.040068898353124056,0.004666073775655397,0.0,-0.39819095752539907,0.04283667217630237,-0.2571001483014973,0.040651393868643575,0.0
4.1,-0.3547136643941295,-0.32233661307842865,-0.024918649605182093,0.0027696533631542094,0.0,-0.43077478445261924,0.031014660111777156,-0.2625737030900337,0.04262503109660294,0.0
4.11,-0.33202820467216737,-0.32013127554070564,-0.009470693413873786,0.0008722432434364851,0.0,-0.4602543932902457,0.018111180658519504,-0.2656845126375625,0.04421421480618206,0.0
4.12,-0.30890188079604497,-0.3172343347641451,0.0061415297746855845,0.0,0.0010106455270194603,-0.4866064672127266,0.0042308993766591784,-0.2667942951889929,0.045424588308412145,0.0
4.13,-0.2854119168430035,-0.3135666463560176,0.021201997626298857,0.0,0.002864017612902744,-0.5099586697583672,-0.010507742431337789,-0.2663072106710678,0.04627706122215238,0.0
4.14,-0.26163553689029684,-0.3090634017433152,0.035359504141365856,0.0,0.0046737998519148696,-0.5304615001706652,-0.025977065143651452,-0.264581945949841,0.04679583819653947,0.0
4.15,-0.23764996501516594,-0.30367540541690236,0.04848135618988164,0.0,0.006427209305533433,-0.5482654576931295,-0.04204399053964983,-0.2619126404687946,0.04700595532945302,0.0
4.16,-0.21353242529486763,-0.29736935344938153,0.060482288625101584,0.0,0.008112868210983126,-0.5635210415692569,-0.05857316547379772,-0.25853248580535954,0.046932934592664635,0.0
4.17,-0.18936014180664276,-0.29012767453281,0.07131543779539609,0.0,0.00972082904784649,-0.5763787510425554,-0.07542944883462836,-0.25462146565534444,0.046602502701188195,0.0
4.18,-0.165211390466194,-0.2819480033636996,0.08096862765774218,0.0,0.011242465565995442,-0.5869890853565256,-0.09247985574824122,-0.25031505316778435,0.04604036728697076,0.0
4.19,-0.1411692942319682,-0.2728423593699026,0.08945711964178117,0.0,0.012670083821855823,-0.595502543754672,-0.1095950505895077,-0.24571250147532048,0.04527204192057877,0.0
4.2,-0.11732367056675776,-0.2628361095159386,0.09681656705796839,0.0,0.013996681992283036,-0.6020696254804965,-0.12665046714860914,-0.24088358578915467,0.044322711740188994,0.0
4.21,-0.09376600459232416,-0.25196676768294396,0.10309986319655279,0.0,0.015216309443125303,-0.6068408297775038,-0.14352715312734043,-0.23588182691153578,0.043217132636600514,0.0
4.22,-0.070587781430439,-0.24028267945485515,0.10837249213115885,0.0,0.016324108762725446,-0.6099666558891957,-0.1601124205914481,-0.2307470279149329,0.04197955524856698,0.0
4.23,-0.04788048620286677,-0.2278416467837433,0.1127072586967791,0.0,0.017316197392678954,-0.6115976030590763,-0.17630032851971916,-0.2255091342730382,0.04063366642208654,0.0
4.24,-0.025735604031378714,-0.21470954299487802,0.1161795596089096,0.0,0.018189543847712812,-0.6118841705306484,-0.1919920397943728,-0.22019254975578012,0.03920254578098363,0.0
4.25,-0.004288464665753524,-0.20095908483718591,0.11884198613261579,0.0,0.018937897049621205,-0.6109176462593298,-0.20709594182237376,-0.21479407485050603,0.03770330458184613,0.0
4.26,0.01639392431249532,-0.1866685304045426,0.1207752512468183,0.0,0.01956177082347131,-0.6089183419748478,-0.22152796108554001,-0.20936539355719821,0.03616401601372267,0.0
4.2700000000000005,0.03622625593876409,-0.1719204131862327,0.12204743250255123,0.0,0.0200605307708976,-0.6060478524098452,-0.23521187690367412,-0.20394302428788064,0.03460679021918746,0.0
4.28,0.05511704509128309,-0.15680042247059311,0.12271441615708423,0.0,0.02043337124497642,-0.6024566768078256,-0.24807952721698895,-0.19856240086150836,0.03305203199137363,0.0
4.29,0.0729748066482863,-0.1413964133746685,0.12282218010454278,0.0,0.020679770620699152,-0.5982953144122917,-0.2600709984856271,-0.19326628295395282,0.031519420847577244,0.0
4.3,0.0897080554880065,-0.1257975388490197,0.1224067270298871,0.0,0.020799402197640753,-0.5937142644667469,-0.2711348354784293,-0.18810678472159578,0.030027893938300788,0.0
4.3100000000000005,0.10522530648867737,-0.11009350337923225,0.12149382361681729,0.0,0.020792056080392737,-0.5888640262146942,-0.28122828233280917,-0.18314647445769464,0.02859562716626384,0.0
4.32,0.11943507452852972,-0.09437393633833693,0.12009906692020177,0.0,0.02065757201169858,-0.5838950988996371,-0.2903175601166897,-0.17845896033744252,0.027240013491014514,0.0
4.33,0.13224587448579733,-0.07872788163150533,0.1182278982273443,0.0,0.020395782974172084,-0.5789579817650784,-0.29837818117589876,-0.1741289247134064,0.025977637948354986,0.0
4.34,0.1435662212387129,-0.06324340518658612,0.1158743293592393,0.0,0.02000646925831964,-0.5742031740545215,-0.30539529699310103,-0.17025182753159968,0.024824249359076046,0.0
4.3500000000000005,0.15330462966550976,-0.048007321604114694,0.1130218220688503,0.0,0.01948932313668863,-0.5697811750114693,-0.3113640719194691,-0.16693300539379935,0.023794729021653145,0.0
4.36,0.16136961464441987,-0.033105021564688246,0.10964492855524727,0.0,0.01884392426236811,-0.565842483879425,-0.3162900704917199,-0.1642862090471029,0.02290305707639604,0.0
4.37,0.16766969105367543,-0.018620388701831272,0.1057096919431551,0.0,0.01806972413565273,-0.5625375999018924,-0.3201896419267403,-0.16243161465767494,0.02216227764691553,0.0
4.38,0.1721133737715104,-0.004635800202941911,0.10117380574352239,0.0,0.01716603862260075,-0.5600170223223742,-0.3230902805700425,-0.16149312449430733,0.021584464235607045,0.0
4.39,0.1746093029654477,0.008767798943661313,0.09598662285510497,0.0,0.016132059285155063,-0.5600337499128499,-0.32503638345083713,-0.16254310822054654,0.021324912240852666,0.0
4.4,0.17506710937288675,0.021510770642956818,0.09008939135269192,0.0,0.01496693793863029,-0.5719309215079755,-0.32612443383117873,-0.1713880689728366,0.022220508425142456,0.0
4.41,0.173399627366023,0.033514565148545075,0.08341610630085015,0.0,0.013669997105075956,-0.5814983315537274,-0.32652925219469164,-0.1801645299019394,0.022983650795029384,0.0
4.42,0.1693671372724136,0.04470102814560165,0.07581765678433905,0.0,0.012226731491148168,-0.5886694831550997,-0.3266581486629158,-0.18648414512480424,0.023592620786436726,0.0
4.43,0.1630224731517836,0.0549917196833057,0.06726562175885345,0.0,0.010648930050556376,-0.5936745915472439,-0.32670404966465033,-0.190579042443615,0.024031479859589526,0.0
4.44,0.15428117086539594,0.06430834215484872,0.05766966972764635,0.0,0.008936050606388123,-0.5965927436123035,-0.32672600075297015,-0.19296295668473498,0.024289982455288787,0.0
4.45,0.14305692776304563,0.07257215811899172,0.046919056999967346,0.0,0.007087372704737721,-0.5975011634275256,-0.3267410999279283,-0.1938366450121448,0.02436976464070999,0.0
4.46,0.12926344119452296,0.0797032373842373,0.03488683547289264,0.0,0.0051022154767978115,-0.5964770750701587,-0.3267533688229987,-0.19330286547557496,0.02427623776280073,0.0
4.47,0.11281440850961995,0.08561969094697594,0.021427867912306647,0.0,0.002980005401284438,-0.5935977026174509,-0.3267627920485091,-0.1914327374768871,0.0240159900415007,0.0
4.48,0.09362352705812962,0.09023682581122912,0.006375621217423299,0.0,0.0007203452500038315,-0.5889402701466504,-0.32676814053973463,-0.188287024969094,0.023595973028832717,0.0
4.49,0.0716044941898472,0.09345353068820174,-0.012482631421758409,0.001676909845924373,0.0,-0.5825820017350061,-0.3267677674968374,-0.18392318164222393,0.02302324750757443,0.0
4.5,0.0466710072545614,0.09516033261705686,-0.03296962548787957,0.004210427109027631,0.0,-0.5746001214597651,-0.32676001513494035,-0.1783971571384053,0.022304911856663497,0.0
4.51,0.0187367636020641,0.09566042518500106,-0.053575160964054014,0.006878121211349349,0.0,-0.5650718533981753,-0.3267462380200732,-0.17175885530429408,0.02144806544369115,0.0
4.5200000000000005,-0.012239915790073675,0.09565848424105063,-0.07544901512606622,0.009711030687756726,0.0,-0.5540744216274853,-0.32672759766420517,-0.16405101749342593,0.020459536524667095,0.0
4.53,-0.04609198028279178,0.09511311595461244,-0.09856267233057205,0.012757541807145816,0.0,-0.5416850502249448,-0.3266989671844895,-0.1553560984065693,0.019346170730466572,0.0
4.54,-0.08235033614211731,0.09385779405589052,-0.12209944948289096,0.01597171068870568,0.0,-0.5279809632677998,-0.32665739269442734,-0.14572447388793747,0.018115379647497924,0.0
4.55,-0.1204701615284822,0.09173789572895286,-0.14532107664232372,0.019289516002593547,0.0,-0.5130393848332981,-0.32660119295285966,-0.13520644664469145,0.01677437929249837,0.0
4.5600000000000005,-0.1599066346023157,0.08861756782431993,-0.16754132467117702,0.022648007729814172,0.0,-0.4969375389986888,-0.3265291587015283,-0.12385528394332122,0.015330271144124625,0.0
4.57,-0.20011493352404422,0.08438477756703287,-0.18818098863110777,0.025985925121352775,0.0,-0.4797526498412222,-0.32644031182304545,-0.11172500409176009,0.013790114202572448,0.0
4.58,-0.2405474489791364,0.07895482573895203,-0.2067883827674062,0.029243900389155236,0.0,-0.46155483083822735,-0.3263338187846925,-0.09886541697162471,0.012160306711366371,0.0
4.59,-0.2805968473228247,0.07227252289302777,-0.22301454912780597,0.03235965057555991,0.0,-0.44237971427050665,-0.326156030627929,-0.08535989779232124,0.010444130593723277,0.0
4.6000000000000005,-0.31970506188611275,0.0643130926569213,-0.23666656239461956,0.03527798263012265,0.0,-0.42236435960221236,-0.32580136849061725,-0.0713998205455957,0.008658749607685505,0.0
4.61,-0.35732727082942994,0.055081643816048236,-0.2476751368420307,0.03794763271377161,0.0,-0.4015859909105939,-0.32516057646632407,-0.057034934157206556,0.006820616017797897,0.0
4.62,-0.39291865231321,0.04461158164513854,-0.256060152077071,0.04032002665163324,0.0,-0.3801218322728983,-0.3241283405476265,-0.0422905890963263,0.004946513022591682,0.0
4.63,-0.4259343844978843,0.0329624114822933,-0.26190290893769347,0.042349136952872055,0.0,-0.35804910776637355,-0.32260382322496217,-0.027197965606221286,0.0030528690496872336,0.0
4.64,-0.45591951443833545,0.020216919088995495,-0.26536109049845846,0.04399937333285659,0.0,-0.3354450414682694,-0.3204911845353554,-0.011799218768543139,0.0011557096418976526,0.0
4.65,-0.4827711691210329,0.006477178898197746,-0.2667607411456758,0.04526892793890255,0.0,-0.3123868574558283,-0.3177000756590446,0.0038168407986277726,0.0,0.0007293894371574416
4.66,-0.5065971230372663,-0.008140213325728646,-0.2665015024863245,0.04617668717419177,0.0,-0.2889517798063052,-0.3141495403572773,0.01898740296933781,0.0,0.0025873466267465474
4.67,-0.5275478754305425,-0.023508748540139596,-0.26495126338865327,0.046746689589433246,0.0,-0.2652170325969457,-0.3097725435259121,0.033284359113029245,0.0,0.004403925698429848
4.68,-0.5457739255443644,-0.03949595937198615,-0.2624142864029611,0.04700386593038024,0.0,-0.24125983990499777,-0.3045175486573457,0.04656418087020033,0.0,0.00616614332588229
4.69,-0.5614257726222361,-0.05596665271963598,-0.2591329445636887,0.0469736831925225,0.0,-0.21715742580770822,-0.29834887879473637,0.058735326127021516,0.0,0.007862411056467374
4.7,-0.5746539159076591,-0.07278549151864992,-0.2552950700349331,0.046681853686922084,0.0,-0.19298701438232801,-0.29124662064306867,0.06974511667655582,0.0,0.009482567797116752
4.71,-0.5856088546441375,-0.08981901845466303,-0.25104254653877056,0.046154102681293885,0.0,-0.16882647361993963,-0.2832061512546272,0.07957644573245827,0.0,0.011017813232081614
4.72,-0.5944410880751742,-0.10693721450686128,-0.24647987554667536,0.045415986265846,0.0,-0.14475729478053526,-0.27423735586365605,0.08824115423675666,0.0,0.012460397082668277
4.73,-0.6013011154442729,-0.12401467281660021,-0.2416806556981897,0.044492751084367045,0.0,-0.12086888740228714,-0.2643636217259708,0.09577173703905205,0.0,0.013803162161523202
4.74,-0.6063394359949362,-0.14093147862625485,-0.23670046135078213,0.04340922868605024,0.0,-0.09725273660696536,-0.2536206623522997,0.10221849155123432,0.0,0.015039979660710487
4.75,-0.6096820612120533,-0.15757382890847535,-0.23157076758802334,0.042187552432721855,0.0,-0.07400785650935779,-0.2420552415263558,0.10764123226158688,0.0,0.01616515252586477
4.76,-0.6114405950941908,-0.17383441193512067,-0.22630502757696208,0.040848008956714386,0.0,-0.05125002027702421,-0.22972388822045517,0.1120992244761135,0.0,0.01717246991243984
4.7700000000000005,-0.6118506165756812,-0.18961294510320312,-0.22096275091054537,0.03942145841765045,0.0,-0.029052084923514028,-0.21669148569320534,0.11567685677322677,0.0,0.018060462296724703
4.78,-0.6110626249000275,-0.20481657439891016,-0.2155705046877524,0.03793047118171419,0.0,-0.007505535570597171,-0.20302987312354054,0.11845023084559292,0.0,0.018826735511034736
4.79,-0.6092271193107329,-0.219360104565135,-0.21015218548139766,0.036396949042064045,0.0,0.013298142659960445,-0.18881653481828037,0.12049051121065792,0.0,0.019469521420515088
4.8,-0.6064945990513005,-0.23316618447255003,-0.2047350421436721,0.0348421045037549,0.0,0.03326746464639158,-0.17413337846101432,0.12186235113364273,0.0,0.019987559951820475
4.8100000000000005,-0.6030155633652333,-0.2461654826197187,-0.19935246199404616,0.0332864441003415,0.0,0.05231094526693125,-0.15906561700763197,0.12262225749574811,0.0,0.0203799891355151
4.82,-0.5989405114960352,-0.25829687101884125,-0.19404567731208894,0.03174975259886849,0.0,0.0703370993998065,-0.14370076451756916,0.12281753343311952,0.0,0.020646244476669465
4.83,-0.5944199426872088,-0.2695076309869737,-0.18886530655314293,0.03025107645015308,0.0,0.08725444192325463,-0.12812775168850501,0.12248557929099674,0.0,0.02078596857967414
4.84,-0.5896043561822574,-0.2797536895391274,-0.18387225145533193,0.028808705267575528,0.0,0.1029714877155073,-0.1124361626274429,0.12165364272504295,0.0,0.02079893154636111
4.8500000000000005,-0.5846442512246834,-0.2889998915873948,-0.17913837123313275,0.02744015055170005,0.0,0.1173967516547989,-0.09671559126466424,0.12033881777358135,0.0,0.020684962285401762
4.86,-0.5796901270579913,-0.2972203091702263,-0.17474663131955046,0.02616212119235368,0.0,0.13043874861935872,-0.08105511441803251,0.11854808010379475,0.0,0.020443890589562065
4.87,-0.5748924829256841,-0.3043985849295343,-0.17079083678083,0.0249904956379912,0.0,0.1420059934874207,-0.06554288138874066,0.1162772616241503,0.0,0.02007549971149079
4.88,-0.5704018180712641,-0.3105283028971526,-0.1673748418598116,0.023940290982755682,0.0,0.1520070011372189,-0.050265824073868974,0.11351123402243735,0.0,0.019579489427336363
4.89,-0.5663686317382349,-0.31561337511871346,-0.16461118473000455,0.023025629595697407,0.0,0.16035028644698543,-0.03530947022627846,0.11022594057204611,0.0,0.0189554499468769
4.9,-0.5629434231700993,-0.31966842833063486,-0.16261917718079702,0.022259704324624725,0.0,0.16694436429495355,-0.020757847205839584,0.10638873800502707,0.0,0.01820284510691088
4.91,-0.5602766916103614,-0.3227191702731571,-0.16152233114524436,0.02165474369517539,0.0,0.1716977495593545,-0.006693470133859473,0.10195865335816914,0.0,0.01732100370886747
4.92,-0.5585455630237798,-0.3248028009556871,-0.16146088323408908,0.02122437534755604,0.0,0.17446857764039375,0.006802456813604216,0.0968631795179559,0.0,0.016304584299682793
4.93,-0.5702811384054061,-0.32601110126596977,-0.17000209378309714,0.02209305037047471,0.0,0.17512139281946645,0.01964974995437219,0.09102077712795988,0.0,0.015148704240527602
4.94,-0.5800648034310253,-0.3264991492991249,-0.17882669152155112,0.022864833194854998,0.0,0.17365131240180345,0.031769150484113357,0.08440166952759708,0.0,0.013860140620268815
4.95,-0.5875938104148938,-0.32665339753612505,-0.18558624586703343,0.0234985195004192,0.0,0.16997201078645502,0.043082288111229806,0.07693568904139872,0.0,0.01243825742721075
4.96,-0.5929453834342612,-0.32670671521421396,-0.1899904307453002,0.023966278730832253,0.0,0.16399718532321297,0.05351080386891158,0.06853977231312103,0.0,0.010882340749078486
4.97,-0.5961967465663747,-0.32673069500329827,-0.19263346971617962,0.024254102821694466,0.0,0.1556405333618704,0.06297652466500762,0.059117814343786934,0.0,0.009191675654366294
4.98,-0.5974251238884828,-0.32674635807153,-0.19374322107400743,0.024362498599666608,0.0,0.1448157522522187,0.07140096004346484,0.04856024472186363,0.0,0.007365530482848997
4.99,-0.5967077394778334,-0.3267589441902448,-0.19343147613132453,0.024296524326567304,0.0,0.13143653934405242,0.0787045466780762,0.036742605091068366,0.0,0.005403202137052881
5.0,-0.5941218174116746,-0.32676881014265746,-0.19177235711290927,0.02406265858992868,0.0,0.11541659198716084,0.08480588706435703,0.023522824765833544,0.0,0.003304084077817617
5.01,-0.589744581767255,-0.3267748350206969,-0.18882761448397958,0.023667819446213774,0.0,0.09666960753133895,0.08962092047527126,0.008738035192630889,0.0,0.0010677348420283727
5.0200000000000005,-0.583653256621822,-0.3267754140973988,-0.18465501600682116,0.02311905794410126,0.0,0.07510928332637684,0.09305175855465173,-0.009440195865595668,0.0013060473434004978,0.0
5.03,-0.5759250660526251,-0.32676887320672027,-0.17931071054920816,0.022423468675970365,0.0,0.05064931672207119,0.09498945304589193,-0.029838607357745437,0.0038162197649322487,0.0
5.04,-0.5666372341369106,-0.3267556309979609,-0.17284776243974648,0.021588152483717128,0.0,0.02320340506820838,0.09559513106066603,-0.05035219605326567,0.0064607443179915194,0.0
5.05,-0.555866984951928,-0.32673804631075315,-0.1653029890330577,0.020620021855857037,0.0,-0.007288183417642165,0.09564541459843615,-0.07193952504050777,0.009259498303047738,0.0
5.0600000000000005,-0.5436915425749244,-0.3267111960888386,-0.15675960210821568,0.01952581466377541,0.0,-0.040730609136448624,0.09517982985788273,-0.09491215409954742,0.012273842136139631,0.0
5.07,-0.53018813108315,-0.3266717503987666,-0.14727151766884758,0.018312924149488027,0.0,-0.07667283111423066,0.09403084469828166,-0.11842910987421458,0.015466739487490205,0.0
5.08,-0.5154339745538499,-0.3266179023592224,-0.1368880311987447,0.016988600173957494,0.0,-0.11457002751142863,0.09204145820647258,-0.14175286078038093,0.018774078498873928,0.0
5.09,-0.4994700430835044,-0.32654837257461594,-0.1256394417734528,0.015556692665185381,0.0,-0.15390425429178728,0.0890723395509282,-0.16419891504593884,0.02213511412484339,0.0
5.1000000000000005,-0.48238124329370796,-0.32646212775644196,-0.11358166955734364,0.014024958364718282,0.0,-0.19407243058077786,0.0850073019693236,-0.185135547269344,0.02548302931185355,0.0
5.11,-0.4642845036886755,-0.32635830820361533,-0.10079411057840161,0.012404013833901021,0.0,-0.2344825716608749,0.07975730595724306,-0.2040623629441589,0.028754088626717873,0.0
5.12,-0.4452570483456509,-0.32619578986978487,-0.0873761704163624,0.0107008866127832,0.0,-0.27458985569251965,0.07326273090614946,-0.22064439724329216,0.031891244548478644,0.0
5.13,-0.42537610134188664,-0.325872860282696,-0.07348860100304522,0.00892622803248916,0.0,-0.3138494608361339,0.06549426433883798,-0.23468111489860752,0.03484009725680551,0.0
5.14,-0.40471888675462614,-0.3252798261796168,-0.059192149737339377,0.00709614238247371,0.0,-0.3517165652521588,0.05645255882043347,-0.24608790846529174,0.03754897466318971,0.0
5.15,-0.38336262866112003,-0.32431083332889893,-0.04451104836787616,0.00522745222333529,0.0,-0.38764634710102086,0.04616676882880698,-0.2548717830413329,0.03996890153293089,0.0
5.16,-0.361384551138619,-0.32286441329251814,-0.029475273739800203,0.003336634602874807,0.0,-0.4210939845431474,0.03469244706220195,-0.2611051249815001,0.042053467803475894,0.0
5.17,-0.3388618782643659,-0.32084400077241193,-0.014125058707889028,0.0014397718474663008,0.0,-0.4515846355864322,0.02210883648086921,-0.2649315609166797,0.043764937438377075,0.0
5.18,-0.3158718341156144,-0.31815837706142586,0.0014785871919029824,0.0,0.0004474949991117755,-0.47893587102933616,0.008515129247017174,-0.2666405114146188,0.045094023675918485,0.0
5.19,-0.29249164276960693,-0.3147248325532884,0.016755958907622263,0.0,0.0023100060862637035,-0.5032355763161654,-0.005974191822647273,-0.26662645301440063,0.04605756350068643,0.0
5.2,-0.2687985283035945,-0.3104741112238996,0.031191514817500984,0.0,0.004133367382472452,-0.5246342506904197,-0.0212340286589141,-0.26526627595274577,0.04667940529809952,0.0
5.21,-0.24486971479482816,-0.3053523282292931,0.04462934301420513,0.0,0.005904395678616431,-0.5432823933956004,-0.03713273791356654,-0.26287438718936607,0.04698435282630176,0.0
5.22,-0.22078242632055026,-0.2993214197858202,0.05697135649720632,0.0,0.007611291171786855,-0.5593305036752145,-0.05353547349250416,-0.25970242764058443,0.04699779891854832,0.0
5.23,-0.19661388695801182,-0.29235911210322635,0.06815895474270413,0.0,0.009243677954502757,-0.5729290807727636,-0.07030686471670179,-0.25594622710819404,0.04674542465522335,0.0
5.24,-0.17244155677368528,-0.284458502708171,0.0781699737816997,0.0,0.010792579979658696,-0.5842286239317492,-0.08731312231239727,-0.2517543989288764,0.04625295832935427,0.0
5.25,-0.1483452953290994,-0.27562731854342615,0.0870127388532336,0.0,0.012250188664116446,-0.5933796323956771,-0.10442366484884125,-0.24723681357500304,0.04554598590749519,0.0
5.26,-0.12442529167199726,-0.265886978097387,0.09471028007937558,0.0,0.013608182418428599,-0.6004560035923261,-0.12151216314696453,-0.24243948451267536,0.04464291048691364,0.0
5.2700000000000005,-0.10077932533427968,-0.25527147650608556,0.10130664936402572,0.0,0.014859688748679656,-0.6056560056495416,-0.13845748515649273,-0.23743742565637402,0.04357294582523193,0.0
5.28,-0.0774945885239976,-0.24382609335701408,0.10686649799822283,0.0,0.015999919918387916,-0.6091806674294858,-0.15514459777330833,-0.23229790397132427,0.04236508640456939,0.0
5.29,-0.05466256636292102,-0.23160601696319366,0.1114616113298667,0.0,0.017024717429468376,-0.6111804881756623,-0.17146517365200423,-0.227055601341781,0.041043230136211854,0.0
5.3,-0.03237474397281165,-0.21867495078756238,0.11516749687329193,0.0,0.017930814569134382,-0.6118059671315744,-0.1873179830803628,-0.2217359317955048,0.039630671413161324,0.0
5.3100000000000005,-0.010722606475439525,-0.20510374128991238,0.11805939680433068,0.0,0.018715710988091057,-0.6112076035407252,-0.2026091799941278,-0.21636138049487966,0.038150065841432615,0.0
