update,mean_rollout_reward,eval_reward,loss_policy,loss_value,loss_entropy
1,-15.62741418621029,nan,0.020260978490114212,68379.1796875,2.822404384613037
2,-15.07392466089332,nan,-0.07878488302230835,61989.00390625,2.8060760498046875
3,-14.521850065831899,nan,-0.004162035882472992,57252.98046875,2.795597553253174
4,-14.507403144507276,nan,-0.004289350472390652,57260.66796875,2.7878782749176025
5,-13.998323202707084,nan,0.0752449631690979,54230.828125,2.779053211212158
6,-14.112553050694949,nan,-0.030240150168538094,54033.7890625,2.770874500274658
7,-13.693488572882929,nan,0.04681677371263504,52123.77734375,2.7649078369140625
8,-12.96112180659924,nan,-0.070034921169281,44803.73828125,2.758378505706787
9,-12.169936728046485,nan,0.02957611344754696,39735.2265625,2.750669002532959
10,-11.709658830976323,-1076.982048098613,-0.03997991979122162,36287.53125,2.7408971786499023
11,-11.202370834749242,nan,0.0924319475889206,35578.328125,2.7295539379119873
12,-10.900029844481018,nan,0.04114343225955963,32477.80078125,2.720536947250366
13,-10.614696677016124,nan,-0.05948391929268837,29678.12890625,2.7118546962738037
14,-9.724014324196364,nan,-0.12421949952840805,24215.953125,2.7021543979644775
15,-9.757191460314514,nan,-0.03715680539608002,24585.76953125,2.687249183654785
16,-9.175194840290544,nan,-0.0036168349906802177,22344.69921875,2.6711208820343018
17,-8.479787791634624,nan,-0.001781427301466465,18833.23046875,2.654996395111084
18,-7.885124300944324,nan,-0.05250987038016319,15871.6162109375,2.6349122524261475
19,-8.156857304231682,nan,0.03404796123504639,17258.20703125,2.6159238815307617
20,-7.658055645546296,-4271.800505497334,-0.020421765744686127,15034.3740234375,2.599487781524658
21,-7.036395704079333,nan,-0.03163551539182663,12375.6201171875,2.585092067718506
22,-6.708040560297338,nan,-0.006039083003997803,11331.111328125,2.5661821365356445
23,-6.582131446146538,nan,0.03214339166879654,11125.583984375,2.5425190925598145
24,-6.712872206993295,nan,-0.02125430665910244,11147.4140625,2.520873785018921
25,-6.625400730450463,nan,0.065599225461483,11239.3037109375,2.4952149391174316
26,-6.448762768136576,nan,0.05269593000411987,10438.6396484375,2.473083972930908
27,-6.212409696039371,nan,-0.03267425298690796,9233.171875,2.454926013946533
28,-6.548525131111788,nan,0.006687641143798828,10560.0517578125,2.4397048950195312
29,-6.07289510175985,nan,-0.039079733192920685,8859.794921875,2.4278759956359863
30,-5.998644331624429,-4937.100213348899,0.007073204964399338,8667.669921875,2.415221691131592
31,-5.928151808758857,nan,0.026408862322568893,8587.5,2.400175094604492
32,-6.033638508237943,nan,-0.003718402236700058,8833.263671875,2.384758710861206
33,-6.3031679070922095,nan,-0.023351095616817474,9206.1318359375,2.3737566471099854
34,-5.774531704681752,nan,-0.009809710085391998,7716.697265625,2.362982749938965
35,-5.84070497871132,nan,-0.048389982432127,7817.9287109375,2.3491172790527344
36,-5.6659858057087975,nan,-0.003496222198009491,7286.41015625,2.335247039794922
37,-5.893604138447664,nan,-0.034902140498161316,7963.45166015625,2.3199687004089355
38,-5.784733039054942,nan,-0.042679958045482635,7727.2978515625,2.3015356063842773
39,-5.561945923180896,nan,0.012485036626458168,7034.833984375,2.287489414215088
40,-5.590355962263252,-4634.874255338671,0.029116982594132423,7321.4677734375,2.2737905979156494
41,-5.845334724556613,nan,0.012729048728942871,7896.740234375,2.257312774658203
42,-5.683092872864872,nan,-0.05283230543136597,7216.3818359375,2.234067678451538
43,-5.669144302400915,nan,0.0005377903580665588,7276.48388671875,2.2157528400421143
44,-5.501901528791148,nan,0.00466504693031311,6844.06201171875,2.2008450031280518
45,-5.647202307158453,nan,-0.02072913944721222,6964.4296875,2.182589530944824
46,-5.379605822319672,nan,0.0018959827721118927,6192.25439453125,2.168825149536133
47,-5.82489474157234,nan,-0.003310319036245346,7636.564453125,2.1489500999450684
48,-5.633616722046686,nan,-0.08824130892753601,6842.166015625,2.1299610137939453
49,-5.181998657414768,nan,0.05511826276779175,5986.2451171875,2.1103568077087402
50,-5.377815336839485,-4105.835020973684,-0.12055476754903793,5802.50732421875,2.090071201324463
51,-5.330705863381031,nan,0.03578463941812515,6136.4560546875,2.0724239349365234
52,-5.267063293502262,nan,-0.027976861223578453,5699.7265625,2.0574307441711426
53,-5.344994683703663,nan,-0.03993003070354462,5943.63818359375,2.036675453186035
54,-5.170778594416481,nan,0.030766339972615242,5635.97900390625,2.013688802719116
55,-5.1788106152762206,nan,-0.021252337843179703,5466.7294921875,1.9928721189498901
56,-5.164695851427631,nan,0.0654083713889122,5588.4794921875,1.9783804416656494
57,-5.106829371921625,nan,0.04627922922372818,5466.453125,1.9607481956481934
58,-5.090428614244715,nan,0.004751752130687237,5246.47607421875,1.9408069849014282
59,-4.9737861813348205,nan,-0.03519385680556297,4852.22607421875,1.92899489402771
60,-5.061333483442009,-4229.518512014337,-0.03489299118518829,5107.478515625,1.9141830205917358
61,-5.042854163554133,nan,-0.10013284534215927,4963.3388671875,1.9007058143615723
62,-4.940541392602374,nan,-0.016970880329608917,4690.69189453125,1.8884567022323608
63,-4.8439534691687385,nan,0.017373226583003998,4537.69140625,1.8725111484527588
64,-4.694443347295672,nan,0.017595844343304634,4162.95068359375,1.8608663082122803
65,-5.08453164168372,nan,0.00010469695553183556,5008.3828125,1.8438456058502197
66,-4.655456283841112,nan,-0.011302954517304897,4003.83837890625,1.8216462135314941
67,-4.8417969016834475,nan,-0.01009003072977066,4378.93896484375,1.7997570037841797
68,-4.739178584372675,nan,-0.026302864775061607,4109.31640625,1.7787213325500488
69,-4.502713806559006,nan,-0.1254056692123413,3371.0888671875,1.7620344161987305
70,-4.334630568648655,-2995.045809498643,0.0820060521364212,3361.5361328125,1.745473861694336
71,-4.744632178225753,nan,-0.044515833258628845,3966.12841796875,1.724193811416626
72,-4.649166762759363,nan,0.023448249325156212,3789.02001953125,1.7016117572784424
73,-4.66394410261477,nan,-0.002764670178294182,3822.297119140625,1.6790497303009033
74,-4.398013046063427,nan,0.018799684941768646,3370.771484375,1.662163496017456
75,-4.3413454370551845,nan,-0.03492041304707527,3091.8037109375,1.6462578773498535
76,-4.4280346907456885,nan,0.03910800814628601,3329.849853515625,1.6304593086242676
77,-4.25235283644155,nan,-0.07669137418270111,2814.715576171875,1.6172709465026855
78,-4.341185293454363,nan,-0.08156415820121765,2965.45703125,1.5896937847137451
79,-4.371297590801683,nan,0.019566718488931656,3145.15478515625,1.5658092498779297
80,-4.087988861175301,-2618.519684843295,0.10457003116607666,2714.115966796875,1.5492092370986938
81,-4.208552840275804,nan,-0.013964503072202206,2758.762451171875,1.5305960178375244
82,-4.420630909623035,nan,-0.023906899616122246,3064.06689453125,1.5087347030639648
83,-4.2284120919638655,nan,0.058268651366233826,2807.04052734375,1.4871041774749756
84,-4.110974780737041,nan,-0.013857956975698471,2560.33935546875,1.460625171661377
85,-3.960653215725598,nan,-0.05118386447429657,2187.40087890625,1.4377787113189697
86,-4.171408486802085,nan,-0.0029295217245817184,2599.32763671875,1.413877010345459
87,-4.016950311026904,nan,0.08083733916282654,2487.975830078125,1.3885314464569092
88,-3.965746932726764,nan,-0.04857936501502991,2135.267333984375,1.3645005226135254
89,-3.8048226847419078,nan,-0.016162987798452377,2009.526611328125,1.3405691385269165
90,-3.7548218544875667,-2074.6882701058194,-0.023602720350027084,1836.598388671875,1.3110147714614868
91,-3.650927379301506,nan,0.07680429518222809,1884.5869140625,1.2816237211227417
92,-3.558065027648097,nan,-0.047422658652067184,1502.664306640625,1.2572400569915771
93,-3.7777035856165773,nan,-0.003960473462939262,1815.295166015625,1.2326583862304688
94,-3.4591077987626835,nan,0.02613876760005951,1459.0655517578125,1.2103122472763062
95,-3.3858874808961157,nan,0.07466182857751846,1305.649169921875,1.1854500770568848
96,-3.738777871190826,nan,0.05821765214204788,1889.26171875,1.1566493511199951
97,-3.4658535595195326,nan,-0.03386677801609039,1395.646728515625,1.1323460340499878
98,-3.2807484615581815,nan,-0.03188811615109444,1108.4254150390625,1.11294424533844
99,-3.534172225510276,nan,-0.0021550003439188004,1444.4820556640625,1.092501163482666
100,-3.2424021284203386,-1604.036256410086,-0.03621405363082886,1049.2957763671875,1.0710283517837524
101,-3.249334806853848,nan,-0.05377308279275894,1011.2313842773438,1.0479635000228882
102,-3.132714030447968,nan,-0.023803479969501495,940.1483764648438,1.0191268920898438
103,-3.222701441942907,nan,-0.0999041274189949,978.50634765625,0.9876053333282471
104,-3.098663050178769,nan,0.016887208446860313,902.1455688476562,0.9611173868179321
105,-3.0129223157265588,nan,-0.033157553523778915,812.87890625,0.9422464370727539
106,-2.9657587961213414,nan,-0.0014104964211583138,763.2318115234375,0.9195542931556702
107,-3.069118597304958,nan,-0.0022706426680088043,826.2161865234375,0.8957005739212036
108,-2.988091718679515,nan,-0.03409329801797867,697.18115234375,0.8642456531524658
109,-3.0119032571359727,nan,-0.053159765899181366,740.5499267578125,0.8331989049911499
110,-2.7492285551527935,-1436.473888429675,0.014698132872581482,526.7474975585938,0.8087730407714844
111,-2.745075180806563,nan,0.04862576723098755,548.6925659179688,0.7810708284378052
112,-2.6583789514354046,nan,-0.039109326899051666,439.19708251953125,0.7510954141616821
113,-2.7137161568282013,nan,-0.04772523045539856,430.71014404296875,0.7184911966323853
114,-2.650771429418001,nan,-0.052379149943590164,419.5978088378906,0.6913533210754395
115,-2.587981269032079,nan,-0.011590462177991867,360.8031005859375,0.6701353788375854
116,-2.4693827974291542,nan,-0.0310513935983181,279.2215576171875,0.6354618072509766
117,-2.496754080089409,nan,0.02686200477182865,315.5462646484375,0.6036524772644043
118,-2.4577416716668257,nan,-0.039236780256032944,250.27090454101562,0.5696014165878296
119,-2.311175738879171,nan,-0.0231847632676363,223.09947204589844,0.53466796875
120,-2.325933815660457,-875.283551723412,-0.11120586842298508,181.2424774169922,0.4981135129928589
121,-2.3012743114620604,nan,0.06434202194213867,193.19119262695312,0.4708695411682129
122,-2.196841214488618,nan,0.015635205432772636,169.1586456298828,0.43134820461273193
123,-2.2380966646108043,nan,-0.14083975553512573,139.53933715820312,0.3932870626449585
124,-2.1687113174616677,nan,0.03905074670910835,121.99242401123047,0.3542667627334595
125,-2.0516055405796028,nan,-0.04839814454317093,84.01481628417969,0.31492507457733154
126,-1.9685472388180725,nan,-0.034307461231946945,88.38751220703125,0.26932859420776367
127,-1.9112331586141191,nan,-0.04737142473459244,57.71115493774414,0.22654271125793457
128,-1.8317027352921693,nan,0.08713624626398087,60.196556091308594,0.1763291358947754
129,-1.805587701248455,nan,-0.03708340972661972,51.22333526611328,0.10521984100341797
130,-1.7012661781598548,-843.7845139479012,0.12147834897041321,57.34211730957031,0.028088092803955078
131,-1.6983960312930497,nan,0.04032207280397415,74.68888092041016,-0.022458553314208984
132,-1.425460710032164,nan,0.00888553261756897,48.53288269042969,-0.0359339714050293
133,-1.4858905490288628,nan,-0.02279207855463028,66.7388687133789,-0.05266702175140381
134,-1.4951439069359602,nan,-0.05589686334133148,59.03956604003906,-0.07262647151947021
135,-1.49926529003464,nan,0.06990969181060791,39.7835578918457,-0.0904155969619751
136,-1.4299291216490304,nan,0.1373327374458313,40.310569763183594,-0.10534489154815674
137,-1.4601673230845709,nan,0.03972326219081879,37.161041259765625,-0.1251826286315918
138,-1.4034658767463684,nan,-0.0840727835893631,45.64204025268555,-0.14010155200958252
139,-1.330056643144757,nan,0.0902753546833992,43.20567321777344,-0.15230822563171387
140,-1.3684389546074474,-666.4798045690686,0.06804757565259933,34.12972640991211,-0.165816068649292
141,-1.3389693219751833,nan,-0.11134079098701477,54.73497009277344,-0.1774967908859253
142,-1.4058837131936222,nan,0.014348702505230904,42.449928283691406,-0.19955706596374512
143,-1.3963770676095115,nan,0.05350819602608681,54.55641174316406,-0.22490942478179932
144,-1.313069423184484,nan,-0.026655390858650208,46.74543762207031,-0.24347496032714844
145,-1.2367316300782902,nan,-0.07117020338773727,48.183982849121094,-0.25686967372894287
146,-1.3207905101592134,nan,-0.0016185827553272247,30.25102424621582,-0.27178728580474854
147,-1.2087195985218222,nan,-0.09566371142864227,37.90534591674805,-0.28485119342803955
148,-1.2274247585118114,nan,-0.007163504138588905,38.605628967285156,-0.2972954511642456
149,-1.2575422312863174,nan,0.09874439239501953,24.46108055114746,-0.3139317035675049
150,-1.1346372618164984,-357.2597849924498,-0.0976744294166565,46.60671615600586,-0.3285245895385742
151,-1.2404014976658657,nan,-0.07481129467487335,30.70102882385254,-0.35011768341064453
152,-1.2457308807242848,nan,-0.07602845132350922,24.678783416748047,-0.3749576807022095
153,-1.2295201281795256,nan,-0.009739052504301071,30.66018295288086,-0.3946176767349243
154,-1.1667042424507226,nan,0.06429390609264374,29.360836029052734,-0.41112303733825684
155,-1.1861868252763104,nan,-0.10965153574943542,36.28116226196289,-0.43210434913635254
156,-1.1688891318432735,nan,-0.06661964952945709,23.78719711303711,-0.45504558086395264
157,-1.1716613900288841,nan,0.05475519597530365,28.355735778808594,-0.4784111976623535
158,-1.0804529788750192,nan,-0.03110060654580593,34.39436340332031,-0.49656474590301514
159,-1.1091557342096166,nan,-0.006656330078840256,27.332786560058594,-0.5102899074554443
160,-1.0427270499355306,-286.9656827865815,-0.05228786915540695,36.809959411621094,-0.5211645364761353
161,-0.9908651143569727,nan,-0.02203565463423729,30.928037643432617,-0.530942440032959
162,-1.036396984998284,nan,-0.045344479382038116,34.14239501953125,-0.541221022605896
163,-1.082857953474809,nan,-0.05930447578430176,32.539588928222656,-0.555701732635498
164,-0.9918588293956275,nan,0.04785469174385071,27.767982482910156,-0.5702717304229736
165,-1.0472634874068503,nan,0.01207486167550087,20.129348754882812,-0.5873361825942993
166,-0.941769975971254,nan,0.08155389130115509,28.84444808959961,-0.6028435230255127
167,-1.0559846832379747,nan,0.005575807765126228,37.00267028808594,-0.6291580200195312
168,-0.9337393176334823,nan,-0.0725117102265358,30.44572639465332,-0.6472070217132568
169,-0.9135177490347217,nan,-0.05650857836008072,33.268619537353516,-0.6605350971221924
170,-0.9215607322247334,-253.15980864645178,-0.020151952281594276,28.625822067260742,-0.674723744392395
171,-0.8664719178734338,nan,-0.07134777307510376,34.955631256103516,-0.6880972385406494
172,-0.932739556339624,nan,-0.007971901446580887,23.57550811767578,-0.7030484676361084
173,-0.9282490915161694,nan,0.012790899723768234,22.531219482421875,-0.7190161943435669
174,-0.9406469916975838,nan,0.10623583197593689,27.464725494384766,-0.7424801588058472
175,-0.9381580609410841,nan,-0.004113251343369484,29.29952049255371,-0.7667961120605469
176,-0.8449131710374395,nan,0.044032033532857895,25.65073013305664,-0.785029411315918
177,-0.8937373647415112,nan,0.05293367803096771,18.26799774169922,-0.8038045167922974
178,-0.8019434800509062,nan,-0.09846075624227524,14.452291488647461,-0.8224349021911621
179,-0.8304968996292657,nan,-0.020315971225500107,7.7897443771362305,-0.8475850820541382
180,-0.8010905776569114,-71.37426923426642,0.008383974432945251,7.720101356506348,-0.8740942478179932
181,-0.8413358176054347,nan,0.021266261115670204,8.251585006713867,-0.9046540260314941
182,-0.8368212140830565,nan,-0.006056981161236763,9.182153701782227,-0.9374192953109741
183,-0.7730043053196629,nan,-0.0888451412320137,9.184267044067383,-0.9732654094696045
184,-0.6935400851246978,nan,-0.01967620849609375,5.893603801727295,-1.0086400508880615
185,-0.7046600945334163,nan,0.09796538949012756,8.403773307800293,-1.0368744134902954
186,-0.6757889918495452,nan,0.05598856508731842,7.417539596557617,-1.0614750385284424
187,-0.6454566370720956,nan,0.0519711896777153,6.277843475341797,-1.0862776041030884
188,-0.6268907961324891,nan,-0.034630969166755676,5.703197956085205,-1.1163561344146729
189,-0.6634147976281933,nan,0.003934280946850777,4.640098571777344,-1.1460963487625122
190,-0.5949423178002915,19.512363910620877,0.10458662360906601,4.662296772003174,-1.16892409324646
191,-0.6334586894796977,nan,0.15166087448596954,7.75659704208374,-1.1956688165664673
192,-0.5688752455465005,nan,-0.1100292056798935,3.5678951740264893,-1.2194793224334717
193,-0.5683943206587269,nan,0.09275034070014954,4.53434944152832,-1.2481796741485596
194,-0.5255421454764296,nan,0.11246229708194733,2.9063405990600586,-1.272019863128662
195,-0.4967709186320816,nan,0.04023498669266701,4.318645000457764,-1.2909350395202637
196,-0.4443365790502265,nan,0.07604582607746124,4.957694053649902,-1.3040614128112793
197,-0.38452311977647574,nan,0.07740354537963867,4.232866287231445,-1.3106415271759033
198,-0.3927613181437835,nan,0.09379807859659195,3.5075695514678955,-1.3160121440887451
199,-0.47613416614248655,nan,0.0009326785802841187,5.481598377227783,-1.3197176456451416
200,-0.7158552700013434,-220.34159131840252,-0.05342164635658264,9.992743492126465,-1.320077896118164
201,-0.5572457634427674,nan,-0.00592007115483284,13.721957206726074,-1.3206150531768799
202,-0.4094426707931187,nan,0.07077717036008835,7.514917373657227,-1.3267040252685547
203,-0.46828546663329196,nan,0.036586761474609375,6.137332916259766,-1.3384747505187988
204,-0.44282750037997604,nan,0.02558625303208828,5.2078728675842285,-1.3529884815216064
205,-0.40402978654001637,nan,0.1350281834602356,5.798036575317383,-1.3673489093780518
206,-0.4221976594023548,nan,-0.014319557696580887,5.451213359832764,-1.3836512565612793
207,-0.41457200971936525,nan,-0.061250388622283936,3.5228686332702637,-1.3974237442016602
208,-0.38996844214507337,nan,0.014002375304698944,6.1926679611206055,-1.4178054332733154
209,-0.3580999011708024,nan,0.03957030549645424,2.9438695907592773,-1.4358694553375244
210,-0.31013029972626216,30.94023219024508,0.06286691874265671,3.4458749294281006,-1.4597327709197998
211,-0.28308981598840766,nan,0.03377370908856392,2.601210117340088,-1.4791133403778076
212,-0.28929004142592013,nan,-0.027169818058609962,2.6811156272888184,-1.4957079887390137
213,-0.29025966934435105,nan,0.045231424272060394,2.319453239440918,-1.5098097324371338
214,-0.3483354212326314,nan,0.07750038802623749,3.671386480331421,-1.5302457809448242
215,-0.33214890809122477,nan,-0.014121148735284805,1.6348626613616943,-1.5491487979888916
216,-0.328120901023558,nan,0.030148692429065704,2.6832175254821777,-1.5678341388702393
217,-0.2720990944708619,nan,-0.05126900225877762,1.9558387994766235,-1.585824966430664
218,-0.26316426746566296,nan,0.1079368144273758,2.7935194969177246,-1.6029174327850342
219,-0.2641616152768874,nan,-0.051697567105293274,2.189189910888672,-1.6209826469421387
220,-0.20160071079592481,18.357164091850443,-0.006113630719482899,1.6636227369308472,-1.63499116897583
221,-0.21250023595484588,nan,-0.014500370249152184,2.0658648014068604,-1.6495611667633057
222,-0.1841861293829347,nan,0.03689396008849144,2.3467345237731934,-1.6668040752410889
223,-0.1711317950631076,nan,0.03781108558177948,1.9581141471862793,-1.685248613357544
224,-0.16170762274291292,nan,0.04473061487078667,1.501399040222168,-1.7001855373382568
225,-0.18460928134771337,nan,-0.03682909533381462,1.6625378131866455,-1.713402271270752
226,-0.1721050725250979,nan,0.08924484252929688,2.1956591606140137,-1.7317461967468262
227,-0.17013983518577644,nan,0.08025023341178894,1.9476661682128906,-1.7531554698944092
228,-0.14409683452821923,nan,-0.0004902058281004429,1.6906384229660034,-1.7697210311889648
229,-0.13825171049832582,nan,0.11406438052654266,1.4894006252288818,-1.785787582397461
230,-0.13208182709462332,117.98816993438851,0.00645875371992588,1.2654922008514404,-1.8036696910858154
231,-0.13728546065155553,nan,0.08975306898355484,1.2659212350845337,-1.8206596374511719
232,-0.1246386732443775,nan,-0.07542435824871063,1.3351954221725464,-1.8370733261108398
233,-0.12463790805503693,nan,-0.007410634309053421,1.9047695398330688,-1.8544690608978271
234,-0.10778080735765973,nan,0.04941796138882637,1.1440849304199219,-1.8712685108184814
235,-0.12816631906897158,nan,-0.009552758187055588,1.427087664604187,-1.891453742980957
236,-0.13113191019989698,nan,-0.024021867662668228,1.0435131788253784,-1.9052059650421143
237,-0.13095540280170215,nan,0.08762712776660919,1.0097049474716187,-1.9219214916229248
238,-0.1377357652235977,nan,0.015325971879065037,1.253469467163086,-1.9431788921356201
239,-0.12240690064626283,nan,-0.04556010663509369,0.9642934799194336,-1.9611079692840576
240,-0.10645799070981295,117.90012895773366,-0.03188464045524597,1.1286959648132324,-1.9796528816223145
241,-0.10535857408893354,nan,-0.09234549105167389,0.8682025671005249,-1.9984960556030273
242,-0.10459483775987873,nan,-0.041379302740097046,1.3723509311676025,-2.0131521224975586
243,-0.0792325074372323,nan,-0.05567518621683121,0.7226735949516296,-2.024381399154663
244,-0.07208332807931135,nan,0.05576295778155327,1.0090630054473877,-2.036999464035034
245,-0.09851728313005362,nan,0.02459755353629589,0.8281402587890625,-2.0519633293151855
246,-0.06554849886692275,nan,-0.017508545890450478,0.955085039138794,-2.0689918994903564
247,-0.08567237073180056,nan,0.0474725179374218,0.8554505109786987,-2.0884604454040527
248,-0.0724798268392255,nan,-0.07797607779502869,0.8383674621582031,-2.1069610118865967
249,-0.08153462087429557,nan,-0.028396671637892723,0.7884412407875061,-2.1244149208068848
250,-0.08863731307518306,117.51346854201587,0.04223015159368515,0.8690470457077026,-2.138923406600952
251,-0.07979140114257217,nan,0.008693307638168335,0.7918033599853516,-2.1523799896240234
252,-0.09660625336981897,nan,-0.06788013875484467,0.4949480891227722,-2.1681101322174072
253,-0.08536019655634457,nan,-0.041215989738702774,0.4910730719566345,-2.186138153076172
254,-0.10146870349512702,nan,0.05505291745066643,0.715377926826477,-2.2025375366210938
255,-0.0906847426486788,nan,0.04036010056734085,0.5405040979385376,-2.2195088863372803
256,-0.08287988128977128,nan,0.013166075572371483,0.5847135782241821,-2.2341511249542236
257,-0.08716396693148691,nan,-0.04502268508076668,0.4116132855415344,-2.2468793392181396
258,-0.09259152580704187,nan,0.13728035986423492,0.7472631931304932,-2.2683866024017334
259,-0.09038613571219695,nan,0.03673878684639931,0.8682764172554016,-2.2820539474487305
260,-0.0825924217611502,101.2065001883688,-0.05016716197133064,0.589562177658081,-2.2978317737579346
261,-0.09184244079141544,nan,0.03473702818155289,0.7618726491928101,-2.3175132274627686
262,-0.07753617062413554,nan,-0.04134337604045868,0.4128299355506897,-2.3328065872192383
263,-0.08247706495588332,nan,0.08202138543128967,0.7232904434204102,-2.3439157009124756
264,-0.06766329225759823,nan,0.05658302083611488,0.42356014251708984,-2.354340076446533
265,-0.0764698308354628,nan,-0.02112758904695511,0.48210611939430237,-2.3682706356048584
266,-0.08363204938817545,nan,-0.0768996849656105,0.3507186770439148,-2.3830320835113525
267,-0.0724507968839362,nan,-0.016661204397678375,0.4679245948791504,-2.3967723846435547
268,-0.07541027055202064,nan,0.040773678570985794,0.39385703206062317,-2.4067585468292236
269,-0.08475596150560931,nan,0.05196741223335266,0.45149773359298706,-2.4235525131225586
270,-0.08422577415730555,93.58736576461949,0.004101894795894623,0.48885577917099,-2.439509153366089
